raceID,raceDay,raceClass,racePlace,raceNumber,name,type,distance
202408100701,20240810,未勝利,新潟,1R,2歳未勝利,芝,1800
202408100702,20240810,未勝利,新潟,2R,3歳未勝利,ダート,1200
202408100703,20240810,未勝利,新潟,3R,3歳未勝利,芝,2400
202408100704,20240810,未勝利,新潟,4R,3歳未勝利,ダート,1800
202408100705,20240810,新馬,新潟,5R,2歳新馬,芝,1800
202408100706,20240810,新馬,新潟,6R,2歳新馬,芝,1400
202408100707,20240810,未勝利,新潟,7R,3歳未勝利,芝,1000
202408100708,20240810,1勝,新潟,8R,3歳以上1勝クラス,ダート,1800
202408100709,20240810,2勝,新潟,9R,浦佐特別,ダート,1200
202408100710,20240810,2勝,新潟,10R,新発田城特別,芝,1400
202408100711,20240810,オープン,新潟,11R,BSN賞（L）,ダート,1800
202408100712,20240810,1勝,新潟,12R,3歳以上1勝クラス,芝,1400
202408100501,20240810,未勝利,中京,1R,障害3歳以上未勝利,障害,3000
202408100502,20240810,未勝利,中京,2R,2歳未勝利,ダート,1200
202408100503,20240810,未勝利,中京,3R,3歳未勝利,ダート,1800
202408100504,20240810,オープン,中京,4R,障害3歳以上オープン,障害,3300
202408100505,20240810,新馬,中京,5R,2歳新馬,芝,1200
202408100506,20240810,未勝利,中京,6R,3歳未勝利,ダート,1800
202408100507,20240810,未勝利,中京,7R,3歳未勝利,芝,1200
202408100508,20240810,1勝,中京,8R,3歳以上1勝クラス,ダート,1800
202408100509,20240810,2勝,中京,9R,木曽川特別,芝,2000
202408100510,20240810,2勝,中京,10R,日進特別,ダート,1800
202408100511,20240810,3勝,中京,11R,関ケ原ステークス,芝,2000
202408100512,20240810,1勝,中京,12R,3歳以上1勝クラス,ダート,1400
202408100901,20240810,未勝利,札幌,1R,2歳未勝利,芝,1800
202408100902,20240810,未勝利,札幌,2R,3歳未勝利,ダート,1700
202408100903,20240810,未勝利,札幌,3R,3歳未勝利,ダート,1000
202408100904,20240810,未勝利,札幌,4R,3歳未勝利,ダート,1700
202408100905,20240810,新馬,札幌,5R,2歳新馬,芝,1500
202408100906,20240810,未勝利,札幌,6R,3歳未勝利,芝,2000
202408100907,20240810,1勝,札幌,7R,3歳以上1勝クラス,ダート,1000
202408100908,20240810,1勝,札幌,8R,3歳以上1勝クラス,芝,2600
202408100909,20240810,1勝,札幌,9R,石狩特別,芝,1800
202408100910,20240810,2勝,札幌,10R,日高特別,芝,1500
202408100911,20240810,3勝,札幌,11R,報知杯 大雪ハンデキャップ,ダート,1700
202408100912,20240810,1勝,札幌,12R,3歳以上1勝クラス,芝,1200
202408110701,20240811,未勝利,新潟,1R,障害3歳以上未勝利,障害,2850
202408110702,20240811,未勝利,新潟,2R,3歳未勝利,ダート,1800
202408110703,20240811,未勝利,新潟,3R,2歳未勝利,芝,1400
202408110704,20240811,未勝利,新潟,4R,3歳未勝利,ダート,1200
202408110705,20240811,新馬,新潟,5R,2歳新馬,芝,1600
202408110706,20240811,未勝利,新潟,6R,3歳未勝利,芝,1800
202408110707,20240811,1勝,新潟,7R,3歳以上1勝クラス,芝,2000
202408110708,20240811,1勝,新潟,8R,3歳以上1勝クラス,ダート,1800
202408110709,20240811,2勝,新潟,9R,三面川特別,芝,1800
202408110710,20240811,3勝,新潟,10R,稲妻ステークス,芝,1000
202408110711,20240811,GⅢ,新潟,11R,第59回 関屋記念,芝,1600
202408110712,20240811,1勝,新潟,12R,3歳以上1勝クラス,ダート,1200
202408110501,20240811,未勝利,中京,1R,2歳未勝利,芝,1600
202408110502,20240811,未勝利,中京,2R,3歳未勝利,ダート,1200
202408110503,20240811,未勝利,中京,3R,3歳未勝利,芝,2000
202408110504,20240811,未勝利,中京,4R,3歳未勝利,ダート,1900
202408110505,20240811,新馬,中京,5R,2歳新馬,芝,2000
202408110506,20240811,未勝利,中京,6R,3歳未勝利,ダート,1400
202408110507,20240811,1勝,中京,7R,3歳以上1勝クラス,芝,2000
202408110508,20240811,1勝,中京,8R,3歳以上1勝クラス,ダート,1800
202408110509,20240811,1勝,中京,9R,鞍ケ池特別,芝,1600
202408110510,20240811,3勝,中京,10R,三河ステークス,ダート,1800
202408110511,20240811,GⅢ,中京,11R,第60回 小倉記念,芝,2000
202408110512,20240811,2勝,中京,12R,知多特別,芝,1200
202408110901,20240811,未勝利,札幌,1R,2歳未勝利,芝,1200
202408110902,20240811,未勝利,札幌,2R,3歳未勝利,ダート,2400
202408110903,20240811,未勝利,札幌,3R,3歳未勝利,ダート,1700
202408110904,20240811,未勝利,札幌,4R,3歳未勝利,芝,1500
202408110905,20240811,新馬,札幌,5R,2歳新馬,芝,1800
202408110906,20240811,1勝,札幌,6R,3歳以上1勝クラス,ダート,1700
202408110907,20240811,1勝,札幌,7R,3歳以上1勝クラス,芝,1500
202408110908,20240811,オープン,札幌,8R,コスモス賞,芝,1800
202408110909,20240811,2勝,札幌,9R,桑園特別 ,ダート,1000
202408110910,20240811,2勝,札幌,10R,藻岩山特別,芝,2000
202408110911,20240811,オープン,札幌,11R,UHB賞,芝,1200
202408110912,20240811,1勝,札幌,12R,3歳以上1勝クラス,ダート,1700
202408170701,20240817,未勝利,新潟,1R,障害3歳以上未勝利,障害,2850
202408170702,20240817,未勝利,新潟,2R,3歳未勝利,ダート,1800
202408170703,20240817,未勝利,新潟,3R,2歳未勝利,ダート,1200
202408170704,20240817,オープン,新潟,4R,障害3歳以上オープン,障害,2850
202408170705,20240817,新馬,新潟,5R,2歳新馬,芝,1200
202408170706,20240817,新馬,新潟,6R,2歳新馬,ダート,1800
202408170707,20240817,未勝利,新潟,7R,3歳未勝利,芝,1600
202408170708,20240817,1勝,新潟,8R,3歳以上1勝クラス,芝,2400
202408170709,20240817,2勝,新潟,9R,瀬波温泉特別,ダート,1800
202408170710,20240817,3勝,新潟,10R,上越ステークス,ダート,1200
202408170711,20240817,3勝,新潟,11R,日本海ステークス,芝,2200
202408170712,20240817,1勝,新潟,12R,3歳以上1勝クラス,芝,1800
202408170501,20240817,未勝利,中京,1R,2歳未勝利,芝,1200
202408170502,20240817,未勝利,中京,2R,3歳未勝利,ダート,1800
202408170503,20240817,未勝利,中京,3R,3歳未勝利,ダート,1900
202408170504,20240817,未勝利,中京,4R,3歳未勝利,ダート,1200
202408170505,20240817,新馬,中京,5R,2歳新馬,芝,1400
202408170506,20240817,新馬,中京,6R,2歳新馬,ダート,1800
202408170507,20240817,未勝利,中京,7R,3歳未勝利,芝,1600
202408170508,20240817,1勝,中京,8R,3歳以上1勝クラス,ダート,1800
202408170509,20240817,1勝,中京,9R,御在所特別,芝,2000
202408170510,20240817,2勝,中京,10R,四日市特別,ダート,1400
202408170511,20240817,3勝,中京,11R,豊明ステークス,芝,1400
202408170512,20240817,1勝,中京,12R,3歳以上1勝クラス,芝,1200
202408170901,20240817,未勝利,札幌,1R,2歳未勝利,芝,1800
202408170902,20240817,未勝利,札幌,2R,2歳未勝利,ダート,1700
202408170903,20240817,未勝利,札幌,3R,3歳未勝利,芝,1200
202408170904,20240817,未勝利,札幌,4R,3歳未勝利,ダート,1700
202408170905,20240817,新馬,札幌,5R,2歳新馬,芝,1500
202408170906,20240817,未勝利,札幌,6R,3歳未勝利,ダート,1700
202408170907,20240817,未勝利,札幌,7R,3歳未勝利,芝,2000
202408170908,20240817,1勝,札幌,8R,3歳以上1勝クラス,ダート,1000
202408170909,20240817,1勝,札幌,9R,千歳特別,芝,1500
202408170910,20240817,1勝,札幌,10R,富良野特別,芝,2000
202408170911,20240817,2勝,札幌,11R,札幌日刊スポーツ杯,芝,2600
202408170912,20240817,1勝,札幌,12R,3歳以上1勝クラス,ダート,1700
202408180701,20240818,未勝利,新潟,1R,2歳未勝利,芝,1600
202408180702,20240818,未勝利,新潟,2R,2歳未勝利,芝,1800
202408180703,20240818,未勝利,新潟,3R,3歳未勝利,ダート,1800
202408180704,20240818,未勝利,新潟,4R,3歳未勝利,芝,1400
202408180705,20240818,新馬,新潟,5R,2歳新馬,芝,1800
202408180706,20240818,未勝利,新潟,6R,3歳未勝利,ダート,1200
202408180707,20240818,未勝利,新潟,7R,3歳未勝利,芝,2000
202408180708,20240818,1勝,新潟,8R,3歳以上1勝クラス,ダート,1200
202408180709,20240818,1勝,新潟,9R,閃光特別,芝,1000
202408180710,20240818,2勝,新潟,10R,阿賀野川特別,芝,2200
202408180711,20240818,オープン,新潟,11R,NST賞,ダート,1200
202408180712,20240818,1勝,新潟,12R,3歳以上1勝クラス,ダート,1800
202408180501,20240818,未勝利,中京,1R,障害3歳以上未勝利,障害,3000
202408180502,20240818,未勝利,中京,2R,3歳未勝利,ダート,1800
202408180503,20240818,未勝利,中京,3R,2歳未勝利,芝,2000
202408180504,20240818,未勝利,中京,4R,3歳未勝利,ダート,1400
202408180505,20240818,新馬,中京,5R,2歳新馬,芝,1600
202408180506,20240818,未勝利,中京,6R,3歳未勝利,芝,2000
202408180507,20240818,1勝,中京,7R,3歳以上1勝クラス,ダート,1800
202408180508,20240818,1勝,中京,8R,3歳以上1勝クラス,ダート,1400
202408180509,20240818,2勝,中京,9R,濃尾特別,ダート,1800
202408180510,20240818,2勝,中京,10R,中京スポニチ賞,芝,1400
202408180511,20240818,GⅢ,中京,11R,第60回 CBC賞,芝,1200
202408180512,20240818,1勝,中京,12R,3歳以上1勝クラス,ダート,1200
202408180901,20240818,未勝利,札幌,1R,2歳未勝利,芝,1500
202408180902,20240818,未勝利,札幌,2R,3歳未勝利,ダート,1000
202408180903,20240818,未勝利,札幌,3R,3歳未勝利,ダート,1700
202408180904,20240818,未勝利,札幌,4R,3歳未勝利,芝,2600
202408180905,20240818,新馬,札幌,5R,2歳新馬,芝,2000
202408180906,20240818,1勝,札幌,6R,3歳以上1勝クラス,ダート,2400
202408180907,20240818,1勝,札幌,7R,3歳以上1勝クラス,芝,2000
202408180908,20240818,オープン,札幌,8R,クローバー賞,芝,1500
202408180909,20240818,2勝,札幌,9R,大通公園特別,ダート,1700
202408180910,20240818,2勝,札幌,10R,知床特別,芝,1200
202408180911,20240818,GⅡ,札幌,11R,第60回 札幌記念,芝,2000
202408180912,20240818,1勝,札幌,12R,3歳以上1勝クラス,ダート,1700
202408240701,20240824,未勝利,新潟,1R,2歳未勝利,芝,1600
202408240702,20240824,未勝利,新潟,2R,3歳未勝利,ダート,1800
202408240703,20240824,未勝利,新潟,3R,3歳未勝利,芝,1200
202408240704,20240824,未勝利,新潟,4R,3歳未勝利,芝,2000
202408240705,20240824,新馬,新潟,5R,2歳新馬,芝,1600
202408240706,20240824,新馬,新潟,6R,2歳新馬,ダート,1200
202408240707,20240824,未勝利,新潟,7R,3歳未勝利,ダート,1800
202408240708,20240824,1勝,新潟,8R,3歳以上1勝クラス,ダート,1800
202408240709,20240824,1勝,新潟,9R,中郷特別,芝,1800
202408240710,20240824,2勝,新潟,10R,五頭連峰特別,芝,1600
202408240711,20240824,オープン,新潟,11R,朱鷺ステークス（L）,芝,1400
202408240712,20240824,1勝,新潟,12R,3歳以上1勝クラス,ダート,1200
202408240501,20240824,未勝利,中京,1R,2歳未勝利,芝,1600
202408240502,20240824,未勝利,中京,2R,3歳未勝利,ダート,1400
202408240503,20240824,未勝利,中京,3R,3歳未勝利,ダート,1200
202408240504,20240824,Jpn GⅢ,中京,4R,第26回 小倉サマージャンプ,障害,3300
202408240505,20240824,新馬,中京,5R,2歳新馬,芝,1600
202408240506,20240824,未勝利,中京,6R,3歳未勝利,ダート,1800
202408240507,20240824,未勝利,中京,7R,3歳未勝利,芝,2000
202408240508,20240824,1勝,中京,8R,3歳以上1勝クラス,ダート,1800
202408240509,20240824,1勝,中京,9R,揖斐川特別,芝,2200
202408240510,20240824,2勝,中京,10R,清洲特別,ダート,1200
202408240511,20240824,3勝,中京,11R,瀬戸ステークス,ダート,1900
202408240512,20240824,1勝,中京,12R,3歳以上1勝クラス,芝,1400
202408240901,20240824,未勝利,札幌,1R,2歳未勝利,芝,1200
202408240902,20240824,未勝利,札幌,2R,2歳未勝利,芝,1800
202408240903,20240824,未勝利,札幌,3R,3歳未勝利,ダート,1000
202408240904,20240824,未勝利,札幌,4R,3歳未勝利,ダート,1700
202408240905,20240824,新馬,札幌,5R,2歳新馬,ダート,1700
202408240906,20240824,未勝利,札幌,6R,3歳未勝利,芝,1500
202408240907,20240824,1勝,札幌,7R,3歳以上1勝クラス,芝,1800
202408240908,20240824,1勝,札幌,8R,3歳以上1勝クラス,ダート,1700
202408240909,20240824,1勝,札幌,9R,ルスツ特別,芝,2600
202408240910,20240824,2勝,札幌,10R,2024 WASJ 第1戦,芝,1200
202408240911,20240824,3勝,札幌,11R,2024 WASJ 第2戦,芝,2000
202408240912,20240824,1勝,札幌,12R,ニセコ特別,ダート,1700
202408250701,20240825,未勝利,新潟,1R,障害3歳以上未勝利,障害,2850
202408250702,20240825,未勝利,新潟,2R,3歳未勝利,ダート,1800
202408250703,20240825,未勝利,新潟,3R,2歳未勝利,芝,1000
202408250704,20240825,未勝利,新潟,4R,3歳未勝利,ダート,1200
202408250705,20240825,新馬,新潟,5R,2歳新馬,芝,1800
202408250706,20240825,新馬,新潟,6R,2歳新馬,芝,1600
202408250707,20240825,未勝利,新潟,7R,3歳未勝利,芝,2000
202408250708,20240825,1勝,新潟,8R,3歳以上1勝クラス,ダート,1800
202408250709,20240825,2勝,新潟,9R,岩室温泉特別,ダート,1200
202408250710,20240825,3勝,新潟,10R,長岡ステークス,芝,1600
202408250711,20240825,GⅢ,新潟,11R,第44回 新潟2歳ステークス,芝,1600
202408250712,20240825,1勝,新潟,12R,3歳以上1勝クラス,芝,1200
202408250501,20240825,未勝利,中京,1R,2歳未勝利,芝,1400
202408250502,20240825,未勝利,中京,2R,3歳未勝利,ダート,1800
202408250503,20240825,未勝利,中京,3R,3歳未勝利,芝,2200
202408250504,20240825,未勝利,中京,4R,3歳未勝利,芝,1400
202408250505,20240825,新馬,中京,5R,2歳新馬,芝,2000
202408250506,20240825,1勝,中京,6R,3歳以上1勝クラス,ダート,1400
202408250507,20240825,1勝,中京,7R,3歳以上1勝クラス,ダート,1900
202408250508,20240825,1勝,中京,8R,3歳以上1勝クラス,芝,1600
202408250509,20240825,2勝,中京,9R,大府特別,ダート,1800
202408250510,20240825,2勝,中京,10R,長久手特別,芝,2000
202408250511,20240825,オープン,中京,11R,名鉄杯,ダート,1800
202408250512,20240825,1勝,中京,12R,3歳以上1勝クラス,ダート,1200
202408250901,20240825,未勝利,札幌,1R,2歳未勝利,芝,1500
202408250902,20240825,未勝利,札幌,2R,3歳未勝利,ダート,1700
202408250903,20240825,未勝利,札幌,3R,3歳未勝利,ダート,1000
202408250904,20240825,未勝利,札幌,4R,3歳未勝利,ダート,1700
202408250905,20240825,新馬,札幌,5R,2歳新馬,芝,1800
202408250906,20240825,未勝利,札幌,6R,3歳未勝利,芝,2000
202408250907,20240825,1勝,札幌,7R,3歳以上1勝クラス,ダート,1000
202408250908,20240825,1勝,札幌,8R,3歳以上1勝クラス,芝,1500
202408250909,20240825,1勝,札幌,9R,小樽特別,芝,1200
202408250910,20240825,2勝,札幌,10R,2024 WASJ 第3戦,ダート,1700
202408250911,20240825,GⅢ,札幌,11R,第19回 キーンランドカップ,芝,1200
202408250912,20240825,2勝,札幌,12R,2024 WASJ 第4戦,芝,1800
202408310701,20240831,未勝利,新潟,1R,障害3歳以上未勝利,障害,2850
202408310702,20240831,未勝利,新潟,2R,2歳未勝利,ダート,1800
202408310703,20240831,未勝利,新潟,3R,3歳未勝利,ダート,1200
202408310704,20240831,オープン,新潟,4R,障害3歳以上オープン,障害,3250
202408310705,20240831,新馬,新潟,5R,2歳新馬,芝,2000
202408310706,20240831,未勝利,新潟,6R,3歳未勝利,芝,1600
202408310707,20240831,未勝利,新潟,7R,3歳未勝利,芝,1800
202408310708,20240831,1勝,新潟,8R,3歳以上1勝クラス,ダート,1200
202408310709,20240831,1勝,新潟,9R,瓢湖特別（韓国賞）,芝,2200
202408310710,20240831,2勝,新潟,10R,赤倉特別（パキスタン賞）,芝,2000
202408310711,20240831,3勝,新潟,11R,古町ステークス（トルコ賞）,ダート,1800
202408310712,20240831,1勝,新潟,12R,3歳以上1勝クラス,芝,1600
202408310501,20240831,未勝利,中京,1R,2歳未勝利,ダート,1800
202408310502,20240831,未勝利,中京,2R,2歳未勝利,芝,1400
202408310503,20240831,未勝利,中京,3R,3歳未勝利,ダート,1200
202408310504,20240831,未勝利,中京,4R,3歳未勝利,芝,1400
202408310505,20240831,新馬,中京,5R,2歳新馬,芝,2000
202408310506,20240831,新馬,中京,6R,2歳新馬,ダート,1400
202408310507,20240831,未勝利,中京,7R,3歳未勝利,芝,1600
202408310508,20240831,1勝,中京,8R,3歳以上1勝クラス,ダート,1800
202408310509,20240831,1勝,中京,9R,香嵐渓特別（バーレーン賞）,芝,2000
202408310510,20240831,2勝,中京,10R,鳥羽特別（オマーン賞）,ダート,1400
202408310511,20240831,3勝,中京,11R,長篠ステークス（カタール賞）,芝,1200
202408310512,20240831,1勝,中京,12R,3歳以上1勝クラス（ベトナム賞）,ダート,1400
202408310901,20240831,未勝利,札幌,1R,2歳未勝利,芝,1200
202408310902,20240831,未勝利,札幌,2R,2歳未勝利,ダート,1700
202408310903,20240831,未勝利,札幌,3R,3歳未勝利（サウジアラビア賞）,芝,2000
202408310904,20240831,未勝利,札幌,4R,3歳未勝利（UAE賞）,ダート,1700
202408310905,20240831,新馬,札幌,5R,2歳新馬（南アフリカ賞）,芝,1500
202408310906,20240831,1勝,札幌,6R,3歳以上1勝クラス（ニュージーランド賞）,ダート,1000
202408310907,20240831,1勝,札幌,7R,3歳以上1勝クラス（オーストラリア賞）,ダート,1700
202408310908,20240831,1勝,札幌,8R,3歳以上1勝クラス（香港賞）,芝,2000
202408310909,20240831,2勝,札幌,9R,インディアトロフィー,ダート,1700
202408310910,20240831,3勝,札幌,10R,アジア競馬連盟トロフィー,芝,1500
202408310911,20240831,GⅢ,札幌,11R,第59回 札幌2歳ステークス,芝,1800
202408310912,20240831,2勝,札幌,12R,マレーシアカップ,芝,1200
202409010701,20240901,未勝利,新潟,1R,2歳未勝利,芝,1400
202409010702,20240901,未勝利,新潟,2R,2歳未勝利,芝,2000
202409010703,20240901,未勝利,新潟,3R,3歳未勝利,ダート,1800
202409010704,20240901,未勝利,新潟,4R,3歳未勝利,芝,2200
202409010705,20240901,新馬,新潟,5R,2歳新馬,芝,1800
202409010706,20240901,新馬,新潟,6R,2歳新馬,芝,1400
202409010707,20240901,未勝利,新潟,7R,3歳未勝利,ダート,1200
202409010708,20240901,1勝,新潟,8R,3歳以上1勝クラス,ダート,1800
202409010709,20240901,2勝,新潟,9R,飯豊特別,芝,1400
202409010710,20240901,2勝,新潟,10R,両津湾特別,ダート,1800
202409010711,20240901,GⅢ,新潟,11R,第60回 新潟記念,芝,2000
202409010712,20240901,1勝,新潟,12R,雷光特別,芝,1000
202409010501,20240901,未勝利,中京,1R,障害3歳以上未勝利,障害,3000
202409010502,20240901,未勝利,中京,2R,3歳未勝利,ダート,1800
202409010503,20240901,未勝利,中京,3R,2歳未勝利,芝,2000
202409010504,20240901,未勝利,中京,4R,3歳未勝利,ダート,1400
202409010505,20240901,新馬,中京,5R,2歳新馬,芝,1400
202409010506,20240901,未勝利,中京,6R,3歳未勝利,芝,2000
202409010507,20240901,1勝,中京,7R,3歳以上1勝クラス,ダート,1800
202409010508,20240901,1勝,中京,8R,3歳以上1勝クラス,芝,1400
202409010509,20240901,2勝,中京,9R,有松特別,芝,1600
202409010510,20240901,3勝,中京,10R,桶狭間ステークス,ダート,1400
202409010511,20240901,GⅢ,中京,11R,第44回 小倉2歳ステークス,芝,1200
202409010512,20240901,1勝,中京,12R,3歳以上1勝クラス,ダート,1200
202409010901,20240901,未勝利,札幌,1R,2歳未勝利,芝,1500
202409010902,20240901,未勝利,札幌,2R,2歳未勝利,芝,2000
202409010903,20240901,未勝利,札幌,3R,3歳未勝利,ダート,1700
202409010904,20240901,未勝利,札幌,4R,3歳未勝利,芝,1200
202409010905,20240901,未勝利,札幌,5R,3歳未勝利,ダート,1700
202409010906,20240901,1勝,札幌,6R,3歳以上1勝クラス,芝,1200
202409010907,20240901,1勝,札幌,7R,3歳以上1勝クラス,芝,1800
202409010908,20240901,1勝,札幌,8R,3歳以上1勝クラス,ダート,1700
202409010909,20240901,オープン,札幌,9R,シンガポールターフクラブ賞,芝,1200
202409010910,20240901,2勝,札幌,10R,フィリピントロフィー,芝,2000
202409010911,20240901,オープン,札幌,11R,タイランドカップ,芝,2600
202409010912,20240901,1勝,札幌,12R,3歳以上1勝クラス,ダート,1700
202409070201,20240907,未勝利,中山,1R,障害3歳以上未勝利,障害,2880
202409070202,20240907,未勝利,中山,2R,2歳未勝利,芝,1600
202409070203,20240907,未勝利,中山,3R,2歳未勝利,ダート,1800
202409070204,20240907,新馬,中山,4R,2歳新馬,ダート,1200
202409070205,20240907,新馬,中山,5R,2歳新馬,芝,2000
202409070206,20240907,1勝,中山,6R,3歳以上1勝クラス,ダート,1200
202409070207,20240907,1勝,中山,7R,3歳以上1勝クラス,芝,2000
202409070208,20240907,1勝,中山,8R,3歳以上1勝クラス,ダート,1800
202409070209,20240907,1勝,中山,9R,アスター賞,芝,1600
202409070210,20240907,2勝,中山,10R,汐留特別,芝,1200
202409070211,20240907,GⅡ,中山,11R,第9回 紫苑ステークス,芝,2000
202409070212,20240907,1勝,中山,12R,3歳以上1勝クラス,ダート,1200
202409070501,20240907,未勝利,中京,1R,2歳未勝利,ダート,1400
202409070502,20240907,未勝利,中京,2R,2歳未勝利,ダート,1800
202409070503,20240907,未勝利,中京,3R,2歳未勝利,芝,2000
202409070504,20240907,新馬,中京,4R,2歳新馬,ダート,1800
202409070505,20240907,新馬,中京,5R,2歳新馬,芝,1600
202409070506,20240907,1勝,中京,6R,3歳以上1勝クラス,ダート,1200
202409070507,20240907,1勝,中京,7R,3歳以上1勝クラス,ダート,1800
202409070508,20240907,1勝,中京,8R,3歳以上1勝クラス,芝,1200
202409070509,20240907,2勝,中京,9R,浜名湖特別,芝,2000
202409070510,20240907,3勝,中京,10R,ムーンライトハンデキャップ,芝,2200
202409070511,20240907,オープン,中京,11R,エニフステークス（L）,ダート,1400
202409070512,20240907,2勝,中京,12R,3歳以上2勝クラス,ダート,1200
202409080201,20240908,未勝利,中山,1R,2歳未勝利,ダート,1200
202409080202,20240908,未勝利,中山,2R,2歳未勝利,芝,2000
202409080203,20240908,新馬,中山,3R,2歳新馬,ダート,1800
202409080204,20240908,1勝,中山,4R,3歳以上1勝クラス,ダート,1800
202409080205,20240908,新馬,中山,5R,2歳新馬,芝,1600
202409080206,20240908,1勝,中山,6R,3歳以上1勝クラス,ダート,1200
202409080207,20240908,1勝,中山,7R,3歳以上1勝クラス,芝,1600
202409080208,20240908,1勝,中山,8R,3歳以上1勝クラス,ダート,1800
202409080209,20240908,2勝,中山,9R,白井特別,芝,1800
202409080210,20240908,3勝,中山,10R,セプテンバーステークス,芝,1200
202409080211,20240908,GⅢ,中山,11R,第69回 京成杯AH,芝,1600
202409080212,20240908,2勝,中山,12R,3歳以上2勝クラス,ダート,1200
202409080501,20240908,未勝利,中京,1R,障害3歳以上未勝利,障害,3000
202409080502,20240908,未勝利,中京,2R,2歳未勝利,ダート,1200
202409080503,20240908,未勝利,中京,3R,2歳未勝利,芝,1600
202409080504,20240908,新馬,中京,4R,2歳新馬,芝,1200
202409080505,20240908,新馬,中京,5R,2歳新馬,芝,2000
202409080506,20240908,1勝,中京,6R,3歳以上1勝クラス,ダート,1800
202409080507,20240908,1勝,中京,7R,3歳以上1勝クラス,ダート,1900
202409080508,20240908,1勝,中京,8R,3歳以上1勝クラス,芝,2000
202409080509,20240908,2勝,中京,9R,天竜川特別,ダート,1800
202409080510,20240908,3勝,中京,10R,浜松ステークス,ダート,1200
202409080511,20240908,GⅡ,中京,11R,第38回 産経賞セントウルステークス,芝,1200
202409080512,20240908,1勝,中京,12R,3歳以上1勝クラス,ダート,1400
202409140201,20240914,未勝利,中山,1R,2歳未勝利,ダート,1200
202409140202,20240914,未勝利,中山,2R,2歳未勝利,ダート,1800
202409140203,20240914,未勝利,中山,3R,2歳未勝利,芝,1200
202409140204,20240914,新馬,中山,4R,2歳新馬,ダート,1800
202409140205,20240914,新馬,中山,5R,2歳新馬,芝,2000
202409140206,20240914,1勝,中山,6R,3歳以上1勝クラス,ダート,1200
202409140207,20240914,1勝,中山,7R,3歳以上1勝クラス,芝,2500
202409140208,20240914,1勝,中山,8R,3歳以上1勝クラス,ダート,1800
202409140209,20240914,2勝,中山,9R,松戸特別,ダート,2400
202409140210,20240914,2勝,中山,10R,御宿特別,芝,1600
202409140211,20240914,3勝,中山,11R,初風ステークス,ダート,1200
202409140212,20240914,1勝,中山,12R,3歳以上1勝クラス,芝,1800
202409140501,20240914,未勝利,中京,1R,2歳未勝利,ダート,1400
202409140502,20240914,未勝利,中京,2R,2歳未勝利,ダート,1800
202409140503,20240914,未勝利,中京,3R,2歳未勝利,芝,1600
202409140504,20240914,1勝,中京,4R,3歳以上1勝クラス,ダート,1900
202409140505,20240914,新馬,中京,5R,2歳新馬,芝,1400
202409140506,20240914,1勝,中京,6R,3歳以上1勝クラス,芝,1600
202409140507,20240914,1勝,中京,7R,3歳以上1勝クラス,ダート,1200
202409140508,20240914,Jpn GⅢ,中京,8R,第26回 阪神ジャンプステークス,障害,3330
202409140509,20240914,オープン,中京,9R,ききょうステークス,芝,1400
202409140510,20240914,2勝,中京,10R,恵那特別,ダート,1800
202409140511,20240914,オープン,中京,11R,ケフェウスステークス,芝,2000
202409140512,20240914,1勝,中京,12R,3歳以上1勝クラス,ダート,1400
202409150201,20240915,未勝利,中山,1R,2歳未勝利,ダート,1200
202409150202,20240915,未勝利,中山,2R,2歳未勝利,芝,2000
202409150203,20240915,未勝利,中山,3R,2歳未勝利,ダート,1800
202409150204,20240915,新馬,中山,4R,2歳新馬,芝,1200
202409150205,20240915,新馬,中山,5R,2歳新馬,芝,1600
202409150206,20240915,1勝,中山,6R,3歳以上1勝クラス,ダート,1800
202409150207,20240915,1勝,中山,7R,3歳以上1勝クラス,ダート,1200
202409150208,20240915,1勝,中山,8R,3歳以上1勝クラス,芝,2000
202409150209,20240915,2勝,中山,9R,浦安特別,ダート,1200
202409150210,20240915,3勝,中山,10R,レインボーステークス,芝,1800
202409150211,20240915,オープン,中山,11R,ラジオ日本賞,ダート,1800
202409150212,20240915,1勝,中山,12R,3歳以上1勝クラス,芝,1200
202409150501,20240915,未勝利,中京,1R,障害3歳以上未勝利,障害,3000
202409150502,20240915,未勝利,中京,2R,2歳未勝利,ダート,1200
202409150503,20240915,未勝利,中京,3R,2歳未勝利,芝,1200
202409150504,20240915,新馬,中京,4R,2歳新馬,ダート,1800
202409150505,20240915,新馬,中京,5R,2歳新馬,芝,2000
202409150506,20240915,1勝,中京,6R,3歳以上1勝クラス,ダート,1800
202409150507,20240915,1勝,中京,7R,3歳以上1勝クラス,ダート,1200
202409150508,20240915,1勝,中京,8R,3歳以上1勝クラス,ダート,1800
202409150509,20240915,2勝,中京,9R,茶臼山高原特別,芝,2200
202409150510,20240915,3勝,中京,10R,納屋橋ステークス,芝,1600
202409150511,20240915,GⅡ,中京,11R,第42回 ローズステークス,芝,2000
202409150512,20240915,2勝,中京,12R,3歳以上2勝クラス,ダート,1400
202409160201,20240916,未勝利,中山,1R,障害3歳以上未勝利,障害,2880
202409160202,20240916,未勝利,中山,2R,2歳未勝利,芝,1600
202409160203,20240916,未勝利,中山,3R,2歳未勝利,ダート,1200
202409160204,20240916,未勝利,中山,4R,2歳未勝利,芝,1800
202409160205,20240916,新馬,中山,5R,2歳新馬,芝,1600
202409160206,20240916,新馬,中山,6R,2歳新馬,芝,1800
202409160207,20240916,1勝,中山,7R,3歳以上1勝クラス,ダート,1800
202409160208,20240916,1勝,中山,8R,3歳以上1勝クラス,ダート,2400
202409160209,20240916,2勝,中山,9R,鋸山特別,ダート,1800
202409160210,20240916,2勝,中山,10R,習志野特別,芝,2000
202409160211,20240916,GⅡ,中山,11R,第78回 朝日杯セントライト記念,芝,2200
202409160212,20240916,1勝,中山,12R,3歳以上1勝クラス,ダート,1200
202409160501,20240916,未勝利,中京,1R,2歳未勝利,ダート,1400
202409160502,20240916,未勝利,中京,2R,2歳未勝利,ダート,1800
202409160503,20240916,未勝利,中京,3R,2歳未勝利,芝,2000
202409160504,20240916,新馬,中京,4R,2歳新馬,ダート,1400
202409160505,20240916,新馬,中京,5R,2歳新馬,芝,1600
202409160506,20240916,1勝,中京,6R,3歳以上1勝クラス,ダート,1400
202409160507,20240916,1勝,中京,7R,3歳以上1勝クラス,ダート,1800
202409160508,20240916,1勝,中京,8R,3歳以上1勝クラス,芝,1400
202409160509,20240916,1勝,中京,9R,長良川特別,芝,2200
202409160510,20240916,2勝,中京,10R,桑名特別,芝,1400
202409160511,20240916,3勝,中京,11R,JRA70周年記念アニバーサリーステークス,ダート,1800
202409160512,20240916,1勝,中京,12R,3歳以上1勝クラス,ダート,1200
202409210201,20240921,未勝利,中山,1R,2歳未勝利,ダート,1200
202409210202,20240921,未勝利,中山,2R,2歳未勝利,芝,1600
202409210203,20240921,新馬,中山,3R,2歳新馬,ダート,1800
202409210204,20240921,1勝,中山,4R,3歳以上1勝クラス,芝,1200
202409210205,20240921,新馬,中山,5R,2歳新馬,芝,1600
202409210206,20240921,1勝,中山,6R,3歳以上1勝クラス,芝,2000
202409210207,20240921,1勝,中山,7R,3歳以上1勝クラス,ダート,1800
202409210208,20240921,オープン,中山,8R,清秋ジャンプステークス,障害,3210
202409210209,20240921,オープン,中山,9R,カンナステークス,芝,1200
202409210210,20240921,2勝,中山,10R,九十九里特別,芝,2500
202409210211,20240921,オープン,中山,11R,ながつきステークス,ダート,1200
202409210212,20240921,2勝,中山,12R,3歳以上2勝クラス,ダート,1800
202409210501,20240921,未勝利,中京,1R,2歳未勝利,ダート,1400
202409210502,20240921,未勝利,中京,2R,2歳未勝利,芝,2000
202409210503,20240921,未勝利,中京,3R,2歳未勝利,ダート,1400
202409210504,20240921,新馬,中京,4R,2歳新馬,ダート,1200
202409210505,20240921,新馬,中京,5R,2歳新馬,芝,1600
202409210506,20240921,1勝,中京,6R,3歳以上1勝クラス,ダート,1900
202409210507,20240921,1勝,中京,7R,3歳以上1勝クラス,芝,2000
202409210508,20240921,1勝,中京,8R,3歳以上1勝クラス,ダート,1200
202409210509,20240921,オープン,中京,9R,野路菊ステークス,芝,2000
202409210510,20240921,2勝,中京,10R,賢島特別,芝,1200
202409210511,20240921,3勝,中京,11R,伊賀ステークス,ダート,1400
202409210512,20240921,2勝,中京,12R,3歳以上2勝クラス,ダート,1800
202409220201,20240922,未勝利,中山,1R,2歳未勝利,ダート,1800
202409220202,20240922,未勝利,中山,2R,2歳未勝利,芝,1200
202409220203,20240922,未勝利,中山,3R,2歳未勝利,芝,1800
202409220204,20240922,新馬,中山,4R,2歳新馬,ダート,1200
202409220205,20240922,新馬,中山,5R,2歳新馬,芝,1800
202409220206,20240922,1勝,中山,6R,3歳以上1勝クラス,ダート,1800
202409220207,20240922,1勝,中山,7R,3歳以上1勝クラス,芝,1600
202409220208,20240922,1勝,中山,8R,3歳以上1勝クラス,ダート,1200
202409220209,20240922,2勝,中山,9R,木更津特別,芝,1600
202409220210,20240922,3勝,中山,10R,内房ステークス,ダート,1800
202409220211,20240922,GⅡ,中山,11R,第70回 産経賞オールカマー,芝,2200
202409220212,20240922,2勝,中山,12R,3歳以上2勝クラス,ダート,1200
202409220501,20240922,未勝利,中京,1R,障害3歳以上未勝利,障害,3000
202409220502,20240922,未勝利,中京,2R,2歳未勝利,ダート,1800
202409220503,20240922,未勝利,中京,3R,2歳未勝利,芝,1400
202409220504,20240922,新馬,中京,4R,2歳新馬,ダート,1400
202409220505,20240922,新馬,中京,5R,2歳新馬,芝,2000
202409220506,20240922,1勝,中京,6R,3歳以上1勝クラス,ダート,1800
202409220507,20240922,1勝,中京,7R,3歳以上1勝クラス,ダート,1400
202409220508,20240922,1勝,中京,8R,3歳以上1勝クラス,ダート,1800
202409220509,20240922,2勝,中京,9R,夕月特別,芝,2000
202409220510,20240922,3勝,中京,10R,志摩ステークス,芝,1200
202409220511,20240922,GⅡ,中京,11R,第72回 神戸新聞杯,芝,2200
202409220512,20240922,2勝,中京,12R,3歳以上2勝クラス,ダート,1200
202409280201,20240928,未勝利,中山,1R,障害3歳以上未勝利,障害,2880
202409280202,20240928,未勝利,中山,2R,2歳未勝利,芝,1200
202409280203,20240928,未勝利,中山,3R,2歳未勝利,ダート,1800
202409280204,20240928,未勝利,中山,4R,2歳未勝利,芝,2000
202409280205,20240928,新馬,中山,5R,2歳新馬,芝,1600
202409280206,20240928,新馬,中山,6R,2歳新馬,ダート,1200
202409280207,20240928,1勝,中山,7R,3歳以上1勝クラス,ダート,1800
202409280208,20240928,1勝,中山,8R,3歳以上1勝クラス,ダート,1200
202409280209,20240928,オープン,中山,9R,芙蓉ステークス,芝,2000
202409280210,20240928,2勝,中山,10R,茨城新聞杯,芝,1200
202409280211,20240928,3勝,中山,11R,秋風ステークス,芝,1600
202409280212,20240928,2勝,中山,12R,3歳以上2勝クラス,ダート,1200
202409280501,20240928,未勝利,中京,1R,2歳未勝利,ダート,1200
202409280502,20240928,未勝利,中京,2R,2歳未勝利,ダート,1800
202409280503,20240928,未勝利,中京,3R,2歳未勝利,芝,1600
202409280504,20240928,新馬,中京,4R,2歳新馬,ダート,1800
202409280505,20240928,新馬,中京,5R,2歳新馬,芝,2000
202409280506,20240928,1勝,中京,6R,3歳以上1勝クラス,ダート,1800
202409280507,20240928,1勝,中京,7R,3歳以上1勝クラス,芝,2200
202409280508,20240928,2勝,中京,8R,3歳以上2勝クラス,芝,1600
202409280509,20240928,1勝,中京,9R,ヤマボウシ賞,ダート,1400
202409280510,20240928,3勝,中京,10R,高山ステークス,芝,2000
202409280511,20240928,GⅢ,中京,11R,第28回 シリウスステークス,ダート,1900
202409280512,20240928,1勝,中京,12R,3歳以上1勝クラス,ダート,1400
202409290201,20240929,未勝利,中山,1R,2歳未勝利,ダート,1200
202409290202,20240929,未勝利,中山,2R,2歳未勝利,芝,1600
202409290203,20240929,新馬,中山,3R,2歳新馬,芝,1200
202409290204,20240929,1勝,中山,4R,3歳以上1勝クラス,ダート,1800
202409290205,20240929,新馬,中山,5R,2歳新馬,芝,2000
202409290206,20240929,1勝,中山,6R,3歳以上1勝クラス,ダート,1200
202409290207,20240929,1勝,中山,7R,3歳以上1勝クラス,芝,2200
202409290208,20240929,2勝,中山,8R,3歳以上2勝クラス,ダート,1800
202409290209,20240929,1勝,中山,9R,サフラン賞,芝,1600
202409290210,20240929,2勝,中山,10R,JRAウルトラプレミアム サクラバクシンオーカップ,芝,1800
202409290211,20240929,GⅠ,中山,11R,第58回 スプリンターズステークス,芝,1200
202409290212,20240929,3勝,中山,12R,外房ステークス,ダート,1200
202409290501,20240929,未勝利,中京,1R,2歳未勝利,ダート,1800
202409290502,20240929,未勝利,中京,2R,2歳未勝利,芝,2000
202409290503,20240929,新馬,中京,3R,2歳新馬,ダート,1400
202409290504,20240929,1勝,中京,4R,3歳以上1勝クラス,ダート,1900
202409290505,20240929,新馬,中京,5R,2歳新馬,芝,1400
202409290506,20240929,1勝,中京,6R,3歳以上1勝クラス,ダート,1400
202409290507,20240929,1勝,中京,7R,3歳以上1勝クラス,芝,1600
202409290508,20240929,2勝,中京,8R,3歳以上2勝クラス,ダート,1900
202409290509,20240929,2勝,中京,9R,常滑特別,芝,2000
202409290510,20240929,3勝,中京,10R,白川郷ステークス,ダート,1800
202409290511,20240929,オープン,中京,11R,ポートアイランドステークス（L）,芝,1600
202409290512,20240929,2勝,中京,12R,3歳以上2勝クラス,ダート,1400
202410050101,20241005,未勝利,東京,1R,2歳未勝利,芝,1600
202410050102,20241005,未勝利,東京,2R,2歳未勝利,ダート,1400
202410050103,20241005,未勝利,東京,3R,2歳未勝利,芝,1800
202410050104,20241005,新馬,東京,4R,2歳新馬,芝,1600
202410050105,20241005,新馬,東京,5R,2歳新馬,芝,2000
202410050106,20241005,1勝,東京,6R,3歳以上1勝クラス,ダート,2100
202410050107,20241005,1勝,東京,7R,3歳以上1勝クラス,ダート,1400
202410050108,20241005,1勝,東京,8R,3歳以上1勝クラス,芝,1800
202410050109,20241005,2勝,東京,9R,tvk賞,芝,2000
202410050110,20241005,3勝,東京,10R,赤富士ステークス,ダート,1600
202410050111,20241005,GⅢ,東京,11R,第10回 サウジアラビアロイヤルカップ,芝,1600
202410050112,20241005,2勝,東京,12R,3歳以上2勝クラス,ダート,1400
202410050301,20241005,未勝利,京都,1R,2歳未勝利,ダート,1200
202410050302,20241005,未勝利,京都,2R,2歳未勝利,ダート,1800
202410050303,20241005,未勝利,京都,3R,2歳未勝利,芝,1800
202410050304,20241005,新馬,京都,4R,2歳新馬,ダート,1400
202410050305,20241005,新馬,京都,5R,2歳新馬,芝,1600
202410050306,20241005,1勝,京都,6R,3歳以上1勝クラス,ダート,1400
202410050307,20241005,1勝,京都,7R,3歳以上1勝クラス,ダート,1800
202410050308,20241005,2勝,京都,8R,3歳以上2勝クラス,芝,2400
202410050309,20241005,1勝,京都,9R,りんどう賞,芝,1400
202410050310,20241005,3勝,京都,10R,大山崎ステークス,ダート,1200
202410050311,20241005,オープン,京都,11R,オパールステークス（L）,芝,1200
202410050312,20241005,2勝,京都,12R,3歳以上2勝クラス,ダート,1800
202410050701,20241005,未勝利,新潟,1R,障害3歳以上未勝利,障害,2850
202410050702,20241005,未勝利,新潟,2R,2歳未勝利,ダート,1800
202410050703,20241005,1勝,新潟,3R,3歳以上1勝クラス,ダート,1200
202410050704,20241005,オープン,新潟,4R,障害3歳以上オープン,障害,3250
202410050705,20241005,新馬,新潟,5R,2歳新馬,芝,1400
202410050706,20241005,未勝利,新潟,6R,2歳未勝利,芝,1600
202410050707,20241005,1勝,新潟,7R,3歳以上1勝クラス,ダート,1800
202410050708,20241005,1勝,新潟,8R,3歳以上1勝クラス,ダート,1200
202410050709,20241005,1勝,新潟,9R,松浜特別,芝,2000
202410050710,20241005,1勝,新潟,10R,聖籠特別,芝,1600
202410050711,20241005,2勝,新潟,11R,鳥屋野特別,ダート,1800
202410050712,20241005,1勝,新潟,12R,3歳以上1勝クラス,芝,1000
202410060101,20241006,未勝利,東京,1R,2歳未勝利,ダート,1600
202410060102,20241006,未勝利,東京,2R,2歳未勝利,芝,2000
202410060103,20241006,新馬,東京,3R,2歳新馬,ダート,1600
202410060104,20241006,新馬,東京,4R,2歳新馬,芝,1600
202410060105,20241006,新馬,東京,5R,2歳新馬,芝,1800
202410060106,20241006,1勝,東京,6R,3歳以上1勝クラス,ダート,1400
202410060107,20241006,1勝,東京,7R,3歳以上1勝クラス,ダート,1600
202410060108,20241006,2勝,東京,8R,3歳以上2勝クラス,芝,1400
202410060109,20241006,3勝,東京,9R,昇仙峡ステークス,芝,2400
202410060110,20241006,オープン,東京,10R,グリーンチャンネルカップ（L）,ダート,1600
202410060111,20241006,GⅡ,東京,11R,第75回 毎日王冠,芝,1800
202410060112,20241006,2勝,東京,12R,3歳以上2勝クラス,ダート,1600
202410060301,20241006,未勝利,京都,1R,2歳未勝利,ダート,1400
202410060302,20241006,未勝利,京都,2R,2歳未勝利,芝,1400
202410060303,20241006,新馬,京都,3R,2歳新馬,ダート,1800
202410060304,20241006,新馬,京都,4R,2歳新馬,芝,1400
202410060305,20241006,新馬,京都,5R,2歳新馬,芝,1800
202410060306,20241006,1勝,京都,6R,3歳以上1勝クラス,ダート,1800
202410060307,20241006,1勝,京都,7R,3歳以上1勝クラス,芝,1800
202410060308,20241006,2勝,京都,8R,3歳以上2勝クラス,ダート,1400
202410060309,20241006,3勝,京都,9R,長岡京ステークス,芝,1400
202410060310,20241006,オープン,京都,10R,藤森ステークス,ダート,1200
202410060311,20241006,GⅡ,京都,11R,第59回 京都大賞典,芝,2400
202410060312,20241006,2勝,京都,12R,3歳以上2勝クラス,ダート,1200
202410060701,20241006,未勝利,新潟,1R,2歳未勝利,ダート,1200
202410060702,20241006,未勝利,新潟,2R,2歳未勝利,芝,1800
202410060703,20241006,1勝,新潟,3R,3歳以上1勝クラス,ダート,1800
202410060704,20241006,未勝利,新潟,4R,障害3歳以上未勝利,障害,2850
202410060705,20241006,新馬,新潟,5R,2歳新馬,ダート,1200
202410060706,20241006,未勝利,新潟,6R,2歳未勝利,芝,1000
202410060707,20241006,1勝,新潟,7R,3歳以上1勝クラス,芝,1400
202410060708,20241006,1勝,新潟,8R,3歳以上1勝クラス,ダート,1800
202410060709,20241006,1勝,新潟,9R,萬代橋特別,芝,2400
202410060710,20241006,2勝,新潟,10R,寺泊特別,芝,1600
202410060711,20241006,3勝,新潟,11R,トルマリンステークス,ダート,1800
202410060712,20241006,1勝,新潟,12R,3歳以上1勝クラス,ダート,1200
202410120301,20241012,未勝利,京都,1R,2歳未勝利,ダート,1200
202410120302,20241012,未勝利,京都,2R,2歳未勝利,ダート,1800
202410120303,20241012,未勝利,京都,3R,2歳未勝利,芝,1600
202410120304,20241012,新馬,京都,4R,2歳新馬,ダート,1800
202410120305,20241012,新馬,京都,5R,2歳新馬,芝,2000
202410120306,20241012,1勝,京都,6R,3歳以上1勝クラス,ダート,1800
202410120307,20241012,1勝,京都,7R,3歳以上1勝クラス,ダート,1400
202410120308,20241012,2勝,京都,8R,3歳以上2勝クラス,ダート,1800
202410120309,20241012,1勝,京都,9R,紫菊賞,芝,1800
202410120310,20241012,3勝,京都,10R,大原ステークス,芝,1800
202410120311,20241012,オープン,京都,11R,大阪スポーツ杯,ダート,1800
202410120312,20241012,2勝,京都,12R,3歳以上2勝クラス,芝,1200
202410120701,20241012,未勝利,新潟,1R,障害3歳以上未勝利,障害,2850
202410120702,20241012,未勝利,新潟,2R,2歳未勝利,ダート,1800
202410120703,20241012,1勝,新潟,3R,3歳以上1勝クラス,ダート,1800
202410120704,20241012,未勝利,新潟,4R,障害3歳以上未勝利,障害,2850
202410120705,20241012,新馬,新潟,5R,2歳新馬,芝,1600
202410120706,20241012,未勝利,新潟,6R,2歳未勝利,芝,2000
202410120707,20241012,1勝,新潟,7R,3歳以上1勝クラス,ダート,1800
202410120708,20241012,1勝,新潟,8R,3歳以上1勝クラス,ダート,1200
202410120709,20241012,1勝,新潟,9R,朝日岳特別,芝,1200
202410120710,20241012,1勝,新潟,10R,粟島特別,芝,1800
202410120711,20241012,2勝,新潟,11R,飛翼特別,芝,1000
202410120712,20241012,1勝,新潟,12R,3歳以上1勝クラス,ダート,1200
202410130101,20241013,未勝利,東京,1R,2歳未勝利,芝,1600
202410130102,20241013,未勝利,東京,2R,2歳未勝利,ダート,1400
202410130103,20241013,未勝利,東京,3R,2歳未勝利,芝,1800
202410130104,20241013,新馬,東京,4R,2歳新馬,芝,1400
202410130105,20241013,新馬,東京,5R,2歳新馬,芝,1600
202410130106,20241013,1勝,東京,6R,3歳以上1勝クラス,ダート,1600
202410130107,20241013,1勝,東京,7R,3歳以上1勝クラス,芝,2400
202410130108,20241013,2勝,東京,8R,3歳以上2勝クラス,ダート,2100
202410130109,20241013,Jpn GⅡ,東京,9R,第26回 東京ハイジャンプ,障害,3110
202410130110,20241013,3勝,東京,10R,テレビ静岡賞,ダート,1400
202410130111,20241013,オープン,東京,11R,オクトーバーステークス（L）,芝,2000
202410130112,20241013,2勝,東京,12R,西湖特別,ダート,1300
202410130301,20241013,未勝利,京都,1R,2歳未勝利,ダート,1400
202410130302,20241013,未勝利,京都,2R,2歳未勝利,ダート,1800
202410130303,20241013,未勝利,京都,3R,2歳未勝利,芝,2000
202410130304,20241013,新馬,京都,4R,2歳新馬,芝,1200
202410130305,20241013,新馬,京都,5R,2歳新馬,芝,1800
202410130306,20241013,1勝,京都,6R,3歳以上1勝クラス,ダート,1800
202410130307,20241013,1勝,京都,7R,3歳以上1勝クラス,ダート,1200
202410130308,20241013,2勝,京都,8R,3歳以上2勝クラス,芝,1800
202410130309,20241013,オープン,京都,9R,もみじステークス,芝,1400
202410130310,20241013,3勝,京都,10R,JRAウルトラプレミアム アカイトリノムスメカップ,ダート,1800
202410130311,20241013,GⅠ,京都,11R,第29回 秋華賞,芝,2000
202410130312,20241013,2勝,京都,12R,亀岡特別,ダート,1400
202410140101,20241014,未勝利,東京,1R,2歳未勝利,ダート,1300
202410140102,20241014,未勝利,東京,2R,2歳未勝利,芝,1400
202410140103,20241014,未勝利,東京,3R,2歳未勝利,ダート,1600
202410140104,20241014,新馬,東京,4R,2歳新馬,ダート,1400
202410140105,20241014,新馬,東京,5R,2歳新馬,芝,1800
202410140106,20241014,1勝,東京,6R,3歳以上1勝クラス,ダート,1400
202410140107,20241014,1勝,東京,7R,3歳以上1勝クラス,芝,1600
202410140108,20241014,2勝,東京,8R,3歳以上2勝クラス,芝,2500
202410140109,20241014,1勝,東京,9R,プラタナス賞,ダート,1600
202410140110,20241014,3勝,東京,10R,白秋ステークス,芝,1400
202410140111,20241014,GⅡ,東京,11R,第72回 府中牝馬ステークス,芝,1800
202410140112,20241014,2勝,東京,12R,3歳以上2勝クラス,芝,1600
202410140701,20241014,未勝利,新潟,1R,2歳未勝利,ダート,1200
202410140702,20241014,未勝利,新潟,2R,2歳未勝利,芝,1400
202410140703,20241014,未勝利,新潟,3R,2歳未勝利,芝,1200
202410140704,20241014,1勝,新潟,4R,3歳以上1勝クラス,ダート,2500
202410140705,20241014,新馬,新潟,5R,2歳新馬,ダート,1800
202410140706,20241014,1勝,新潟,6R,3歳以上1勝クラス,芝,2000
202410140707,20241014,1勝,新潟,7R,3歳以上1勝クラス,ダート,1800
202410140708,20241014,1勝,新潟,8R,3歳以上1勝クラス,芝,1800
202410140709,20241014,1勝,新潟,9R,稲光特別,芝,1000
202410140710,20241014,2勝,新潟,10R,菅名岳特別,ダート,1800
202410140711,20241014,オープン,新潟,11R,信越ステークス（L）,芝,1400
202410140712,20241014,1勝,新潟,12R,3歳以上1勝クラス,ダート,1200
202410190101,20241019,未勝利,東京,1R,2歳未勝利,ダート,1400
202410190102,20241019,未勝利,東京,2R,2歳未勝利,芝,1400
202410190103,20241019,未勝利,東京,3R,2歳未勝利,芝,2000
202410190104,20241019,新馬,東京,4R,2歳新馬,ダート,1600
202410190105,20241019,新馬,東京,5R,2歳新馬,芝,2000
202410190106,20241019,新馬,東京,6R,2歳新馬,芝,1400
202410190107,20241019,1勝,東京,7R,3歳以上1勝クラス,ダート,1600
202410190108,20241019,2勝,東京,8R,3歳以上2勝クラス,ダート,1400
202410190109,20241019,オープン,東京,9R,アイビーステークス（L),芝,1800
202410190110,20241019,3勝,東京,10R,神無月ステークス,ダート,2100
202410190111,20241019,GⅡ,東京,11R,第27回 富士ステークス,芝,1600
202410190112,20241019,1勝,東京,12R,3歳以上1勝クラス,芝,1800
202410190301,20241019,未勝利,京都,1R,2歳未勝利,ダート,1400
202410190302,20241019,未勝利,京都,2R,2歳未勝利,芝,1600
202410190303,20241019,未勝利,京都,3R,2歳未勝利,芝,1800
202410190304,20241019,新馬,京都,4R,2歳新馬,ダート,1800
202410190305,20241019,新馬,京都,5R,2歳新馬,芝,1400
202410190306,20241019,1勝,京都,6R,3歳以上1勝クラス,ダート,1800
202410190307,20241019,1勝,京都,7R,3歳以上1勝クラス,芝,2400
202410190308,20241019,1勝,京都,8R,3歳以上1勝クラス,ダート,1400
202410190309,20241019,2勝,京都,9R,北國新聞杯,ダート,1900
202410190310,20241019,2勝,京都,10R,宝ケ池特別,芝,1600
202410190311,20241019,オープン,京都,11R,オータムリーフステークス,ダート,1400
202410190312,20241019,2勝,京都,12R,3歳以上2勝クラス,ダート,1200
202410190701,20241019,未勝利,新潟,1R,障害3歳以上未勝利,障害,2850
202410190702,20241019,未勝利,新潟,2R,2歳未勝利,ダート,1800
202410190703,20241019,未勝利,新潟,3R,2歳未勝利,ダート,1200
202410190704,20241019,オープン,新潟,4R,障害3歳以上オープン,障害,3250
202410190705,20241019,未勝利,新潟,5R,2歳未勝利,芝,1000
202410190706,20241019,1勝,新潟,6R,3歳以上1勝クラス,ダート,1800
202410190707,20241019,1勝,新潟,7R,3歳以上1勝クラス,芝,1800
202410190708,20241019,1勝,新潟,8R,3歳以上1勝クラス,ダート,1200
202410190709,20241019,1勝,新潟,9R,岩船特別,芝,2200
202410190710,20241019,2勝,新潟,10R,村上特別,芝,2000
202410190711,20241019,3勝,新潟,11R,北陸ステークス,芝,1200
202410190712,20241019,1勝,新潟,12R,3歳以上1勝クラス,ダート,1200
202410200101,20241020,未勝利,東京,1R,2歳未勝利,ダート,1600
202410200102,20241020,未勝利,東京,2R,2歳未勝利,芝,1600
202410200103,20241020,未勝利,東京,3R,2歳未勝利,芝,1800
202410200104,20241020,新馬,東京,4R,2歳新馬,ダート,1400
202410200105,20241020,新馬,東京,5R,2歳新馬,芝,1800
202410200106,20241020,1勝,東京,6R,2歳1勝クラス,芝,1400
202410200107,20241020,1勝,東京,7R,3歳以上1勝クラス,ダート,1300
202410200108,20241020,1勝,東京,8R,3歳以上1勝クラス,ダート,1600
202410200109,20241020,2勝,東京,9R,山中湖特別,芝,2000
202410200110,20241020,3勝,東京,10R,甲斐路ステークス,芝,2000
202410200111,20241020,オープン,東京,11R,ブラジルカップ（L),ダート,2100
202410200112,20241020,2勝,東京,12R,3歳以上2勝クラス,ダート,1600
202410200301,20241020,未勝利,京都,1R,2歳未勝利,ダート,1800
202410200302,20241020,未勝利,京都,2R,2歳未勝利,芝,1200
202410200303,20241020,新馬,京都,3R,2歳新馬,ダート,1200
202410200304,20241020,新馬,京都,4R,2歳新馬,芝,1600
202410200305,20241020,新馬,京都,5R,2歳新馬,芝,1800
202410200306,20241020,1勝,京都,6R,3歳以上1勝クラス,ダート,1800
202410200307,20241020,2勝,京都,7R,3歳以上2勝クラス,ダート,1800
202410200308,20241020,1勝,京都,8R,なでしこ賞,ダート,1400
202410200309,20241020,2勝,京都,9R,清滝特別,芝,2200
202410200310,20241020,3勝,京都,10R,JRAウルトラプレミアム キセキカップ,芝,1600
202410200311,20241020,GⅠ,京都,11R,第85回 菊花賞,芝,3000
202410200312,20241020,3勝,京都,12R,桂川ステークス,ダート,1400
202410200701,20241020,未勝利,新潟,1R,2歳未勝利,芝,2000
202410200702,20241020,未勝利,新潟,2R,2歳未勝利,ダート,1800
202410200703,20241020,1勝,新潟,3R,3歳以上1勝クラス,ダート,1800
202410200704,20241020,未勝利,新潟,4R,障害3歳以上未勝利,障害,2850
202410200705,20241020,新馬,新潟,5R,2歳新馬,芝,1200
202410200706,20241020,1勝,新潟,6R,3歳以上1勝クラス,ダート,1800
202410200707,20241020,1勝,新潟,7R,3歳以上1勝クラス,芝,2000
202410200708,20241020,1勝,新潟,8R,3歳以上1勝クラス,芝,1000
202410200709,20241020,1勝,新潟,9R,十日町特別,芝,1400
202410200710,20241020,2勝,新潟,10R,妙高特別,ダート,1200
202410200711,20241020,オープン,新潟,11R,新潟牝馬ステークス（L）,芝,2200
202410200712,20241020,1勝,新潟,12R,3歳以上1勝クラス,ダート,1200
202410260101,20241026,未勝利,東京,1R,2歳未勝利,ダート,1600
202410260102,20241026,未勝利,東京,2R,2歳未勝利,芝,2000
202410260103,20241026,未勝利,東京,3R,2歳未勝利,ダート,1600
202410260104,20241026,新馬,東京,4R,2歳新馬,芝,1400
202410260105,20241026,新馬,東京,5R,2歳新馬,芝,1600
202410260106,20241026,1勝,東京,6R,3歳以上1勝クラス,ダート,2100
202410260107,20241026,1勝,東京,7R,3歳以上1勝クラス,ダート,1400
202410260108,20241026,1勝,東京,8R,3歳以上1勝クラス,芝,2000
202410260109,20241026,2勝,東京,9R,伊勢佐木特別,ダート,1600
202410260110,20241026,3勝,東京,10R,顕彰馬選定記念 キングカメハメハメモリアル,芝,1600
202410260111,20241026,GⅢ,東京,11R,第13回 アルテミスステークス,芝,1600
202410260112,20241026,2勝,東京,12R,3歳以上2勝クラス,ダート,1400
202410260301,20241026,未勝利,京都,1R,2歳未勝利,ダート,1400
202410260302,20241026,未勝利,京都,2R,2歳未勝利,ダート,1800
202410260303,20241026,未勝利,京都,3R,2歳未勝利,芝,1600
202410260304,20241026,新馬,京都,4R,2歳新馬,ダート,1400
202410260305,20241026,新馬,京都,5R,2歳新馬,芝,2000
202410260306,20241026,1勝,京都,6R,3歳以上1勝クラス,ダート,1800
202410260307,20241026,1勝,京都,7R,3歳以上1勝クラス,芝,2000
202410260308,20241026,2勝,京都,8R,3歳以上2勝クラス,芝,1400
202410260309,20241026,オープン,京都,9R,萩ステークス（L）,芝,1800
202410260310,20241026,3勝,京都,10R,ハロウィンステークス,ダート,1900
202410260311,20241026,GⅡ,京都,11R,第67回 MBS賞 スワンステークス,芝,1400
202410260312,20241026,2勝,京都,12R,3歳以上2勝クラス,ダート,1800
202410260701,20241026,未勝利,新潟,1R,障害3歳以上未勝利,障害,2850
202410260702,20241026,未勝利,新潟,2R,2歳未勝利,ダート,1800
202410260703,20241026,1勝,新潟,3R,3歳以上1勝クラス,ダート,1200
202410260704,20241026,オープン,新潟,4R,障害3歳以上オープン,障害,2850
202410260705,20241026,新馬,新潟,5R,2歳新馬,ダート,1200
202410260706,20241026,未勝利,新潟,6R,2歳未勝利,芝,1600
202410260707,20241026,1勝,新潟,7R,3歳以上1勝クラス,ダート,1800
202410260708,20241026,1勝,新潟,8R,3歳以上1勝クラス,ダート,1200
202410260709,20241026,1勝,新潟,9R,柏崎特別,芝,1600
202410260710,20241026,2勝,新潟,10R,直江津特別,ダート,1800
202410260711,20241026,3勝,新潟,11R,魚沼ステークス,芝,2000
202410260712,20241026,1勝,新潟,12R,3歳以上1勝クラス,芝,1000
202410270101,20241027,未勝利,東京,1R,2歳未勝利,ダート,1400
202410270102,20241027,未勝利,東京,2R,2歳未勝利,芝,1600
202410270103,20241027,未勝利,東京,3R,2歳未勝利,芝,1400
202410270104,20241027,新馬,東京,4R,2歳新馬,ダート,1600
202410270105,20241027,新馬,東京,5R,2歳新馬,芝,2000
202410270106,20241027,1勝,東京,6R,3歳以上1勝クラス,芝,1400
202410270107,20241027,1勝,東京,7R,3歳以上1勝クラス,ダート,1600
202410270108,20241027,2勝,東京,8R,本栖湖特別,芝,2400
202410270109,20241027,2勝,東京,9R,国立特別,芝,1600
202410270110,20241027,3勝,東京,10R,JRAウルトラプレミアム エイシンフラッシュカップ,ダート,1300
202410270111,20241027,GⅠ,東京,11R,第170回 天皇賞（秋）,芝,2000
202410270112,20241027,オープン,東京,12R,ペルセウスステークス,ダート,1400
202410270301,20241027,未勝利,京都,1R,2歳未勝利,ダート,1200
202410270302,20241027,未勝利,京都,2R,2歳未勝利,ダート,1800
202410270303,20241027,未勝利,京都,3R,2歳未勝利,芝,2000
202410270304,20241027,新馬,京都,4R,2歳新馬,ダート,1800
202410270305,20241027,新馬,京都,5R,2歳新馬,芝,1600
202410270306,20241027,1勝,京都,6R,3歳以上1勝クラス,ダート,1400
202410270307,20241027,1勝,京都,7R,3歳以上1勝クラス,ダート,1900
202410270308,20241027,1勝,京都,8R,3歳以上1勝クラス,ダート,1200
202410270309,20241027,2勝,京都,9R,北野特別,芝,2000
202410270310,20241027,3勝,京都,10R,古都ステークス,芝,3000
202410270311,20241027,オープン,京都,11R,カシオペアステークス（L）,芝,1800
202410270312,20241027,2勝,京都,12R,3歳以上2勝クラス,ダート,1400
202410270701,20241027,未勝利,新潟,1R,2歳未勝利,芝,1800
202410270702,20241027,未勝利,新潟,2R,2歳未勝利,ダート,1200
202410270703,20241027,1勝,新潟,3R,3歳以上1勝クラス,ダート,1800
202410270704,20241027,未勝利,新潟,4R,障害3歳以上未勝利,障害,2850
202410270705,20241027,未勝利,新潟,5R,2歳未勝利,芝,1400
202410270706,20241027,1勝,新潟,6R,3歳以上1勝クラス,ダート,1200
202410270707,20241027,1勝,新潟,7R,3歳以上1勝クラス,芝,1800
202410270708,20241027,1勝,新潟,8R,3歳以上1勝クラス,ダート,1200
202410270709,20241027,1勝,新潟,9R,湯沢特別,芝,2000
202410270710,20241027,2勝,新潟,10R,清津峡特別,芝,1200
202410270711,20241027,オープン,新潟,11R,ルミエールオータムダッシュ（L）,芝,1000
202410270712,20241027,1勝,新潟,12R,3歳以上1勝クラス,ダート,1800
202411020101,20241102,未勝利,東京,1R,2歳未勝利,ダート,1300
202411020102,20241102,未勝利,東京,2R,2歳未勝利,芝,1600
202411020103,20241102,未勝利,東京,3R,2歳未勝利,ダート,1400
202411020104,20241102,未勝利,東京,4R,2歳未勝利,芝,1800
202411020105,20241102,新馬,東京,5R,2歳新馬,芝,2000
202411020106,20241102,新馬,東京,6R,2歳新馬,ダート,1600
202411020107,20241102,1勝,東京,7R,3歳以上1勝クラス,ダート,1600
202411020108,20241102,オープン,東京,8R,秋陽ジャンプステークス,障害,3110
202411020109,20241102,2勝,東京,9R,神奈川新聞杯,ダート,2100
202411020110,20241102,3勝,東京,10R,ノベンバーステークス,芝,1800
202411020111,20241102,GⅡ,東京,11R,第60回 京王杯2歳ステークス,芝,1400
202411020112,20241102,2勝,東京,12R,3歳以上2勝クラス,芝,2000
202411020301,20241102,未勝利,京都,1R,2歳未勝利,ダート,1800
202411020302,20241102,未勝利,京都,2R,2歳未勝利,ダート,1200
202411020303,20241102,未勝利,京都,3R,2歳未勝利,芝,1400
202411020304,20241102,未勝利,京都,4R,2歳未勝利,芝,1800
202411020305,20241102,新馬,京都,5R,2歳新馬,ダート,1400
202411020306,20241102,新馬,京都,6R,2歳新馬,芝,1600
202411020307,20241102,1勝,京都,7R,3歳以上1勝クラス,ダート,1800
202411020308,20241102,1勝,京都,8R,3歳以上1勝クラス,ダート,1400
202411020309,20241102,2勝,京都,9R,衣笠特別,ダート,1800
202411020310,20241102,3勝,京都,10R,貴船ステークス,ダート,1200
202411020311,20241102,GⅢ,京都,11R,第29回 ファンタジーステークス,芝,1400
202411020312,20241102,2勝,京都,12R,3歳以上2勝クラス,芝,1800
202411020801,20241102,未勝利,福島,1R,2歳未勝利,ダート,1700
202411020802,20241102,未勝利,福島,2R,2歳未勝利,芝,1200
202411020803,20241102,未勝利,福島,3R,2歳未勝利,芝,1800
202411020804,20241102,1勝,福島,4R,3歳以上1勝クラス,ダート,1150
202411020805,20241102,新馬,福島,5R,2歳新馬,芝,1200
202411020806,20241102,1勝,福島,6R,3歳以上1勝クラス,ダート,2400
202411020807,20241102,1勝,福島,7R,3歳以上1勝クラス,芝,1800
202411020808,20241102,1勝,福島,8R,3歳以上1勝クラス,ダート,1700
202411020809,20241102,1勝,福島,9R,三春駒特別,芝,2000
202411020810,20241102,2勝,福島,10R,三陸特別,芝,2600
202411020811,20241102,3勝,福島,11R,フルーツラインカップ,ダート,1150
202411020812,20241102,1勝,福島,12R,3歳以上1勝クラス,芝,1200
202411030101,20241103,未勝利,東京,1R,2歳未勝利,芝,1400
202411030102,20241103,未勝利,東京,2R,2歳未勝利,ダート,1600
202411030103,20241103,未勝利,東京,3R,2歳未勝利,芝,2000
202411030104,20241103,新馬,東京,4R,2歳新馬,芝,1400
202411030105,20241103,新馬,東京,5R,2歳新馬,芝,1800
202411030106,20241103,1勝,東京,6R,3歳以上1勝クラス,ダート,1400
202411030107,20241103,1勝,東京,7R,3歳以上1勝クラス,ダート,1600
202411030108,20241103,2勝,東京,8R,3歳以上2勝クラス,ダート,1300
202411030109,20241103,1勝,東京,9R,百日草特別,芝,2000
202411030110,20241103,3勝,東京,10R,錦秋ステークス,ダート,1600
202411030111,20241103,GⅡ,東京,11R,第62回 アルゼンチン共和国杯,芝,2500
202411030112,20241103,2勝,東京,12R,3歳以上2勝クラス,芝,1400
202411030301,20241103,未勝利,京都,1R,2歳未勝利,ダート,1400
202411030302,20241103,未勝利,京都,2R,2歳未勝利,ダート,1800
202411030303,20241103,未勝利,京都,3R,2歳未勝利,芝,2000
202411030304,20241103,新馬,京都,4R,2歳新馬,芝,1200
202411030305,20241103,新馬,京都,5R,2歳新馬,芝,1800
202411030306,20241103,1勝,京都,6R,3歳以上1勝クラス,ダート,1800
202411030307,20241103,2勝,京都,7R,3歳以上2勝クラス,ダート,1200
202411030308,20241103,2勝,京都,8R,3歳以上2勝クラス,ダート,1400
202411030309,20241103,1勝,京都,9R,もちの木賞,ダート,1800
202411030310,20241103,3勝,京都,10R,醍醐ステークス,芝,1200
202411030311,20241103,GⅢ,京都,11R,第14回 みやこステークス,ダート,1800
202411030312,20241103,1勝,京都,12R,3歳以上1勝クラス,芝,1600
202411030801,20241103,未勝利,福島,1R,2歳未勝利,ダート,1150
202411030802,20241103,未勝利,福島,2R,2歳未勝利,芝,1200
202411030803,20241103,1勝,福島,3R,3歳以上1勝クラス,ダート,1700
202411030804,20241103,未勝利,福島,4R,障害3歳以上未勝利,障害,2750
202411030805,20241103,未勝利,福島,5R,障害3歳以上未勝利,障害,2750
202411030806,20241103,新馬,福島,6R,2歳新馬,ダート,1700
202411030807,20241103,1勝,福島,7R,3歳以上1勝クラス,芝,2600
202411030808,20241103,1勝,福島,8R,3歳以上1勝クラス,芝,1200
202411030809,20241103,1勝,福島,9R,土湯温泉特別,芝,1800
202411030810,20241103,2勝,福島,10R,河北新報杯,ダート,1700
202411030811,20241103,オープン,福島,11R,みちのくステークス,芝,1200
202411030812,20241103,1勝,福島,12R,3歳以上1勝クラス,ダート,1150
202411090101,20241109,未勝利,東京,1R,2歳未勝利,ダート,1600
202411090102,20241109,未勝利,東京,2R,2歳未勝利,芝,1600
202411090103,20241109,未勝利,東京,3R,2歳未勝利,芝,2000
202411090104,20241109,未勝利,東京,4R,2歳未勝利,ダート,1600
202411090105,20241109,新馬,東京,5R,2歳新馬,芝,1800
202411090106,20241109,新馬,東京,6R,2歳新馬,芝,1600
202411090107,20241109,1勝,東京,7R,3歳以上1勝クラス,ダート,1400
202411090108,20241109,2勝,東京,8R,3歳以上2勝クラス,ダート,1600
202411090109,20241109,1勝,東京,9R,オキザリス賞,ダート,1400
202411090110,20241109,3勝,東京,10R,奥多摩ステークス,芝,1400
202411090111,20241109,GⅢ,東京,11R,第29回 武蔵野ステークス,ダート,1600
202411090112,20241109,2勝,東京,12R,3歳以上2勝クラス,芝,1600
202411090301,20241109,未勝利,京都,1R,2歳未勝利,ダート,1200
202411090302,20241109,未勝利,京都,2R,2歳未勝利,ダート,1800
202411090303,20241109,未勝利,京都,3R,2歳未勝利,芝,2000
202411090304,20241109,新馬,京都,4R,2歳新馬,ダート,1800
202411090305,20241109,新馬,京都,5R,2歳新馬,芝,1600
202411090306,20241109,1勝,京都,6R,3歳以上1勝クラス,ダート,1800
202411090307,20241109,1勝,京都,7R,3歳以上1勝クラス,ダート,1200
202411090308,20241109,Jpn GⅢ,京都,8R,第26回 京都ジャンプステークス,障害,3170
202411090309,20241109,3勝,京都,9R,修学院ステークス,芝,2000
202411090310,20241109,オープン,京都,10R,室町ステークス,ダート,1200
202411090311,20241109,GⅡ,京都,11R,第59回 デイリー杯2歳ステークス,芝,1600
202411090312,20241109,2勝,京都,12R,3歳以上2勝クラス,芝,2400
202411090801,20241109,未勝利,福島,1R,2歳未勝利,ダート,1150
202411090802,20241109,未勝利,福島,2R,2歳未勝利,ダート,1700
202411090803,20241109,未勝利,福島,3R,2歳未勝利,芝,1200
202411090804,20241109,1勝,福島,4R,3歳以上1勝クラス,ダート,2400
202411090805,20241109,新馬,福島,5R,2歳新馬,芝,2000
202411090806,20241109,1勝,福島,6R,3歳以上1勝クラス,芝,1200
202411090807,20241109,1勝,福島,7R,3歳以上1勝クラス,ダート,1150
202411090808,20241109,1勝,福島,8R,3歳以上1勝クラス,芝,2600
202411090809,20241109,1勝,福島,9R,二本松特別,芝,2000
202411090810,20241109,2勝,福島,10R,飯坂温泉特別,芝,1200
202411090811,20241109,3勝,福島,11R,奥羽ステークス,ダート,1700
202411090812,20241109,1勝,福島,12R,3歳以上1勝クラス,芝,1200
202411100101,20241110,未勝利,東京,1R,2歳未勝利,ダート,1400
202411100102,20241110,未勝利,東京,2R,2歳未勝利,芝,1800
202411100103,20241110,未勝利,東京,3R,2歳未勝利,芝,1400
202411100104,20241110,新馬,東京,4R,2歳新馬,ダート,1300
202411100105,20241110,新馬,東京,5R,2歳新馬,芝,1600
202411100106,20241110,1勝,東京,6R,3歳以上1勝クラス,ダート,1600
202411100107,20241110,2勝,東京,7R,3歳以上2勝クラス,ダート,1400
202411100108,20241110,2勝,東京,8R,3歳以上2勝クラス,芝,1800
202411100109,20241110,3勝,東京,9R,銀嶺ステークス,ダート,1400
202411100110,20241110,3勝,東京,10R,ユートピアステークス,芝,1800
202411100111,20241110,オープン,東京,11R,オーロカップ（L）,芝,1400
202411100112,20241110,1勝,東京,12R,3歳以上1勝クラス,芝,1800
202411100301,20241110,未勝利,京都,1R,2歳未勝利,ダート,1400
202411100302,20241110,未勝利,京都,2R,2歳未勝利,ダート,1800
202411100303,20241110,未勝利,京都,3R,2歳未勝利,芝,1600
202411100304,20241110,新馬,京都,4R,2歳新馬,ダート,1400
202411100305,20241110,新馬,京都,5R,2歳新馬,芝,2000
202411100306,20241110,1勝,京都,6R,3歳以上1勝クラス,芝,2200
202411100307,20241110,2勝,京都,7R,3歳以上2勝クラス,ダート,1800
202411100308,20241110,2勝,京都,8R,3歳以上2勝クラス,ダート,1400
202411100309,20241110,1勝,京都,9R,黄菊賞,芝,2000
202411100310,20241110,3勝,京都,10R,JRAウルトラプレミアム ラッキーライラックカップ,ダート,1800
202411100311,20241110,GⅠ,京都,11R,第49回 エリザベス女王杯,芝,2200
202411100312,20241110,2勝,京都,12R,ドンカスターカップ,芝,1400
202411100801,20241110,1勝,福島,1R,3歳以上1勝クラス,ダート,1700
202411100802,20241110,未勝利,福島,2R,2歳未勝利,芝,2000
202411100803,20241110,1勝,福島,3R,3歳以上1勝クラス,ダート,1700
202411100804,20241110,未勝利,福島,4R,障害3歳以上未勝利,障害,2750
202411100805,20241110,未勝利,福島,5R,障害3歳以上未勝利,障害,2750
202411100806,20241110,新馬,福島,6R,2歳新馬,ダート,1700
202411100807,20241110,1勝,福島,7R,3歳以上1勝クラス,芝,1200
202411100808,20241110,1勝,福島,8R,3歳以上1勝クラス,芝,1800
202411100809,20241110,オープン,福島,9R,福島2歳ステークス,芝,1200
202411100810,20241110,2勝,福島,10R,福島放送賞,ダート,1700
202411100811,20241110,GⅢ,福島,11R,第60回 福島記念,芝,2000
202411100812,20241110,1勝,福島,12R,3歳以上1勝クラス,ダート,1150
202411160101,20241116,未勝利,東京,1R,2歳未勝利,ダート,1600
202411160102,20241116,未勝利,東京,2R,2歳未勝利,芝,2000
202411160103,20241116,未勝利,東京,3R,2歳未勝利,ダート,1600
202411160104,20241116,新馬,東京,4R,2歳新馬,芝,1400
202411160105,20241116,新馬,東京,5R,2歳新馬,芝,1600
202411160106,20241116,1勝,東京,6R,2歳1勝クラス,芝,1400
202411160107,20241116,1勝,東京,7R,3歳以上1勝クラス,ダート,1600
202411160108,20241116,2勝,東京,8R,3歳以上2勝クラス,ダート,1400
202411160109,20241116,2勝,東京,9R,南武特別,芝,2400
202411160110,20241116,3勝,東京,10R,晩秋ステークス,ダート,2100
202411160111,20241116,GⅡ,東京,11R,第29回 東京スポーツ杯2歳ステークス,芝,1800
202411160112,20241116,1勝,東京,12R,3歳以上1勝クラス,芝,1600
202411160301,20241116,未勝利,京都,1R,2歳未勝利,ダート,1200
202411160302,20241116,未勝利,京都,2R,2歳未勝利,ダート,1800
202411160303,20241116,未勝利,京都,3R,2歳未勝利,ダート,1400
202411160304,20241116,未勝利,京都,4R,2歳未勝利,芝,1800
202411160305,20241116,新馬,京都,5R,2歳新馬,芝,1400
202411160306,20241116,新馬,京都,6R,2歳新馬,ダート,1800
202411160307,20241116,1勝,京都,7R,3歳以上1勝クラス,ダート,1400
202411160308,20241116,2勝,京都,8R,3歳以上2勝クラス,ダート,1800
202411160309,20241116,1勝,京都,9R,秋明菊賞,芝,1400
202411160310,20241116,2勝,京都,10R,近江特別,ダート,1900
202411160311,20241116,オープン,京都,11R,アンドロメダステークス（L）,芝,2000
202411160312,20241116,2勝,京都,12R,3歳以上2勝クラス,芝,2000
202411160801,20241116,1勝,福島,1R,3歳以上1勝クラス,ダート,1150
202411160802,20241116,未勝利,福島,2R,2歳未勝利,ダート,1700
202411160803,20241116,未勝利,福島,3R,2歳未勝利,ダート,1700
202411160804,20241116,未勝利,福島,4R,障害3歳以上未勝利,障害,2770
202411160805,20241116,オープン,福島,5R,障害3歳以上オープン,障害,3380
202411160806,20241116,1勝,福島,6R,3歳以上1勝クラス,ダート,1700
202411160807,20241116,未勝利,福島,7R,2歳未勝利,芝,1800
202411160808,20241116,1勝,福島,8R,3歳以上1勝クラス,芝,1200
202411160809,20241116,1勝,福島,9R,高湯温泉特別,芝,1800
202411160810,20241116,2勝,福島,10R,西郷特別,ダート,1150
202411160811,20241116,3勝,福島,11R,キビタキステークス,芝,1200
202411160812,20241116,1勝,福島,12R,3歳以上1勝クラス,芝,2000
202411170101,20241117,未勝利,東京,1R,2歳未勝利,ダート,1300
202411170102,20241117,未勝利,東京,2R,2歳未勝利,芝,1800
202411170103,20241117,未勝利,東京,3R,2歳未勝利,芝,1600
202411170104,20241117,新馬,東京,4R,2歳新馬,ダート,1600
202411170105,20241117,新馬,東京,5R,2歳新馬,芝,2000
202411170106,20241117,1勝,東京,6R,3歳以上1勝クラス,ダート,2100
202411170107,20241117,1勝,東京,7R,3歳以上1勝クラス,ダート,1300
202411170108,20241117,2勝,東京,8R,3歳以上2勝クラス,ダート,1600
202411170109,20241117,1勝,東京,9R,赤松賞,芝,1600
202411170110,20241117,3勝,東京,10R,秋色ステークス,芝,1600
202411170111,20241117,オープン,東京,11R,霜月ステークス,ダート,1400
202411170112,20241117,2勝,東京,12R,3歳以上2勝クラス,芝,1400
202411170301,20241117,未勝利,京都,1R,2歳未勝利,芝,1200
202411170302,20241117,未勝利,京都,2R,2歳未勝利,ダート,1800
202411170303,20241117,未勝利,京都,3R,2歳未勝利,芝,1600
202411170304,20241117,新馬,京都,4R,2歳新馬,ダート,1200
202411170305,20241117,新馬,京都,5R,2歳新馬,芝,1800
202411170306,20241117,1勝,京都,6R,3歳以上1勝クラス,ダート,1400
202411170307,20241117,1勝,京都,7R,3歳以上1勝クラス,ダート,1800
202411170308,20241117,2勝,京都,8R,3歳以上2勝クラス,ダート,1200
202411170309,20241117,3勝,京都,9R,比叡ステークス,芝,2400
202411170310,20241117,3勝,京都,10R,JRAウルトラプレミアム グランアレグリアカップ,ダート,1400
202411170311,20241117,GⅠ,京都,11R,第41回 マイルチャンピオンシップ,芝,1600
202411170312,20241117,2勝,京都,12R,壬生特別,芝,1600
202411170801,20241117,未勝利,福島,1R,2歳未勝利,ダート,1150
202411170802,20241117,1勝,福島,2R,3歳以上1勝クラス,ダート,1700
202411170803,20241117,1勝,福島,3R,3歳以上1勝クラス,ダート,1700
202411170804,20241117,未勝利,福島,4R,障害3歳以上未勝利,障害,2770
202411170805,20241117,新馬,福島,5R,2歳新馬,芝,1800
202411170806,20241117,未勝利,福島,6R,2歳未勝利,芝,1200
202411170807,20241117,1勝,福島,7R,3歳以上1勝クラス,ダート,1150
202411170808,20241117,1勝,福島,8R,3歳以上1勝クラス,芝,2000
202411170809,20241117,1勝,福島,9R,磐梯山特別,芝,2600
202411170810,20241117,2勝,福島,10R,五色沼特別,芝,1800
202411170811,20241117,オープン,福島,11R,福島民友カップ（L）,ダート,1700
202411170812,20241117,1勝,福島,12R,3歳以上1勝クラス,芝,1200
202411230101,20241123,未勝利,東京,1R,2歳未勝利,ダート,1600
202411230102,20241123,未勝利,東京,2R,2歳未勝利,芝,1400
202411230103,20241123,未勝利,東京,3R,2歳未勝利,芝,1800
202411230104,20241123,新馬,東京,4R,2歳新馬,ダート,1400
202411230105,20241123,新馬,東京,5R,2歳新馬,芝,1600
202411230106,20241123,1勝,東京,6R,3歳以上1勝クラス,ダート,1600
202411230107,20241123,1勝,東京,7R,3歳以上1勝クラス,芝,2400
202411230108,20241123,2勝,東京,8R,3歳以上2勝クラス,ダート,2100
202411230109,20241123,オープン,東京,9R,カトレアステークス,ダート,1600
202411230110,20241123,3勝,東京,10R,シャングリラステークス,ダート,1400
202411230111,20241123,オープン,東京,11R,キャピタルステークス（L),芝,1600
202411230112,20241123,2勝,東京,12R,3歳以上2勝クラス,芝,1600
202411230301,20241123,未勝利,京都,1R,2歳未勝利,ダート,1400
202411230302,20241123,未勝利,京都,2R,2歳未勝利,ダート,1800
202411230303,20241123,未勝利,京都,3R,2歳未勝利,芝,2000
202411230304,20241123,未勝利,京都,4R,障害3歳以上未勝利,障害,2910
202411230305,20241123,新馬,京都,5R,2歳新馬,芝,1600
202411230306,20241123,新馬,京都,6R,2歳新馬,ダート,1800
202411230307,20241123,1勝,京都,7R,3歳以上1勝クラス,ダート,1200
202411230308,20241123,1勝,京都,8R,3歳以上1勝クラス,ダート,1900
202411230309,20241123,2勝,京都,9R,栂尾特別,ダート,1800
202411230310,20241123,2勝,京都,10R,顕彰馬選定記念 コントレイルメモリアル,芝,2200
202411230311,20241123,GⅢ,京都,11R,第11回 京都2歳ステークス,芝,2000
202411230312,20241123,2勝,京都,12R,3歳以上2勝クラス,芝,1200
202411240101,20241124,未勝利,東京,1R,2歳未勝利,ダート,1400
202411240102,20241124,未勝利,東京,2R,2歳未勝利,芝,1600
202411240103,20241124,未勝利,東京,3R,2歳未勝利,ダート,1600
202411240104,20241124,未勝利,東京,4R,2歳未勝利,芝,2000
202411240105,20241124,新馬,東京,5R,2歳新馬,ダート,1600
202411240106,20241124,新馬,東京,6R,2歳新馬,芝,1800
202411240107,20241124,1勝,東京,7R,3歳以上1勝クラス,ダート,1400
202411240108,20241124,1勝,東京,8R,ベゴニア賞,芝,1600
202411240109,20241124,2勝,東京,9R,オリエンタル賞,芝,2000
202411240110,20241124,2勝,東京,10R,アプローズ賞,ダート,1400
202411240111,20241124,3勝,東京,11R,JRAウルトラプレミアム アーモンドアイカップ,芝,2000
202411240112,20241124,GⅠ,東京,12R,第44回 ジャパンカップ（国際招待）,芝,2400
202411240301,20241124,未勝利,京都,1R,2歳未勝利,ダート,1200
202411240302,20241124,未勝利,京都,2R,2歳未勝利,ダート,1800
202411240303,20241124,未勝利,京都,3R,2歳未勝利,芝,1600
202411240304,20241124,新馬,京都,4R,2歳新馬,ダート,1400
202411240305,20241124,1勝,京都,5R,3歳以上1勝クラス,ダート,1800
202411240306,20241124,新馬,京都,6R,2歳新馬,芝,2000
202411240307,20241124,1勝,京都,7R,3歳以上1勝クラス,芝,1800
202411240308,20241124,2勝,京都,8R,3歳以上2勝クラス,ダート,1400
202411240309,20241124,3勝,京都,9R,花園ステークス,ダート,1800
202411240310,20241124,3勝,京都,10R,清水ステークス,芝,1600
202411240311,20241124,オープン,京都,11R,カノープスステークス,ダート,1900
202411240312,20241124,GⅢ,京都,12R,第69回 京阪杯,芝,1200
202411300201,20241130,未勝利,中山,1R,2歳未勝利,ダート,1200
202411300202,20241130,未勝利,中山,2R,2歳未勝利,ダート,1800
202411300203,20241130,未勝利,中山,3R,2歳未勝利,芝,2000
202411300204,20241130,未勝利,中山,4R,2歳未勝利,ダート,1800
202411300205,20241130,新馬,中山,5R,2歳新馬,芝,1200
202411300206,20241130,新馬,中山,6R,2歳新馬,ダート,1800
202411300207,20241130,1勝,中山,7R,3歳以上1勝クラス,ダート,1200
202411300208,20241130,オープン,中山,8R,イルミネーションジャンプステークス,障害,3570
202411300209,20241130,1勝,中山,9R,葉牡丹賞,芝,2000
202411300210,20241130,2勝,中山,10R,鹿島特別,ダート,1800
202411300211,20241130,GⅡ,中山,11R,第58回 ステイヤーズステークス,芝,3600
202411300212,20241130,2勝,中山,12R,3歳以上2勝クラス,芝,1200
202411300301,20241130,未勝利,京都,1R,2歳未勝利,ダート,1800
202411300302,20241130,未勝利,京都,2R,2歳未勝利,ダート,1400
202411300303,20241130,未勝利,京都,3R,2歳未勝利,ダート,1800
202411300304,20241130,新馬,京都,4R,2歳新馬,ダート,1200
202411300305,20241130,新馬,京都,5R,2歳新馬,芝,1800
202411300306,20241130,未勝利,京都,6R,2歳未勝利,芝,1400
202411300307,20241130,1勝,京都,7R,3歳以上1勝クラス,ダート,1800
202411300308,20241130,1勝,京都,8R,3歳以上1勝クラス,ダート,1400
202411300309,20241130,1勝,京都,9R,さざんか賞,芝,1200
202411300310,20241130,3勝,京都,10R,ウインズ姫路開設20周年記念 姫路ステークス,ダート,1200
202411300311,20241130,GⅢ,京都,11R,第75回 チャレンジカップ,芝,2000
202411300312,20241130,2勝,京都,12R,3歳以上2勝クラス,芝,1800
202411300501,20241130,未勝利,中京,1R,2歳未勝利,ダート,1400
202411300502,20241130,1勝,中京,2R,3歳以上1勝クラス,ダート,1200
202411300503,20241130,1勝,中京,3R,3歳以上1勝クラス,ダート,1800
202411300504,20241130,未勝利,中京,4R,2歳未勝利,芝,1200
202411300505,20241130,新馬,中京,5R,2歳新馬,ダート,1800
202411300506,20241130,1勝,中京,6R,3歳以上1勝クラス,ダート,1400
202411300507,20241130,1勝,中京,7R,3歳以上1勝クラス,ダート,1800
202411300508,20241130,1勝,中京,8R,3歳以上1勝クラス,芝,1600
202411300509,20241130,2勝,中京,9R,犬山特別,ダート,1800
202411300510,20241130,2勝,中京,10R,中京日経賞,芝,1600
202411300511,20241130,3勝,中京,11R,飛騨ステークス,芝,1400
202411300512,20241130,1勝,中京,12R,3歳以上1勝クラス,芝,2000
202412010201,20241201,未勝利,中山,1R,2歳未勝利,ダート,1200
202412010202,20241201,未勝利,中山,2R,2歳未勝利,ダート,1800
202412010203,20241201,未勝利,中山,3R,2歳未勝利,芝,1600
202412010204,20241201,新馬,中山,4R,2歳新馬,ダート,1200
202412010205,20241201,新馬,中山,5R,2歳新馬,芝,2000
202412010206,20241201,1勝,中山,6R,2歳1勝クラス,ダート,1200
202412010207,20241201,1勝,中山,7R,3歳以上1勝クラス,ダート,1800
202412010208,20241201,2勝,中山,8R,3歳以上2勝クラス,芝,2500
202412010209,20241201,3勝,中山,9R,南総ステークス,芝,1200
202412010210,20241201,3勝,中山,10R,市川ステークス,ダート,1800
202412010211,20241201,オープン,中山,11R,ラピスラズリステークス（L),芝,1200
202412010212,20241201,2勝,中山,12R,3歳以上2勝クラス,ダート,1200
202412010301,20241201,未勝利,京都,1R,2歳未勝利,ダート,1200
202412010302,20241201,未勝利,京都,2R,2歳未勝利,芝,1600
202412010303,20241201,未勝利,京都,3R,2歳未勝利,芝,1800
202412010304,20241201,未勝利,京都,4R,障害3歳以上未勝利,障害,2910
202412010305,20241201,新馬,京都,5R,2歳新馬,芝,1400
202412010306,20241201,新馬,京都,6R,2歳新馬,ダート,1800
202412010307,20241201,1勝,京都,7R,3歳以上1勝クラス,ダート,1200
202412010308,20241201,2勝,京都,8R,3歳以上2勝クラス,ダート,1400
202412010309,20241201,2勝,京都,9R,聚楽第特別,ダート,1800
202412010310,20241201,3勝,京都,10R,嵯峨野ステークス,芝,1800
202412010311,20241201,オープン,京都,11R,ギャラクシーステークス,ダート,1400
202412010312,20241201,2勝,京都,12R,3歳以上2勝クラス,芝,1400
202412010501,20241201,未勝利,中京,1R,2歳未勝利,ダート,1800
202412010502,20241201,1勝,中京,2R,3歳以上1勝クラス,ダート,1400
202412010503,20241201,1勝,中京,3R,3歳以上1勝クラス,ダート,1900
202412010504,20241201,未勝利,中京,4R,2歳未勝利,芝,1600
202412010505,20241201,未勝利,中京,5R,2歳未勝利,芝,2000
202412010506,20241201,1勝,中京,6R,3歳以上1勝クラス,ダート,1200
202412010507,20241201,1勝,中京,7R,3歳以上1勝クラス,ダート,1800
202412010508,20241201,1勝,中京,8R,3歳以上1勝クラス,芝,1400
202412010509,20241201,1勝,中京,9R,こうやまき賞,芝,1600
202412010510,20241201,2勝,中京,10R,JRAウルトラプレミアム クロフネカップ,ダート,1200
202412010511,20241201,GⅠ,中京,11R,第25回 チャンピオンズカップ,ダート,1800
202412010512,20241201,1勝,中京,12R,栄特別,芝,2200
202412070201,20241207,未勝利,中山,1R,2歳未勝利,ダート,1200
202412070202,20241207,未勝利,中山,2R,2歳未勝利,ダート,1800
202412070203,20241207,未勝利,中山,3R,2歳未勝利,芝,2000
202412070204,20241207,未勝利,中山,4R,2歳未勝利,ダート,1800
202412070205,20241207,新馬,中山,5R,2歳新馬,芝,1600
202412070206,20241207,新馬,中山,6R,2歳新馬,ダート,1800
202412070207,20241207,1勝,中山,7R,3歳以上1勝クラス,芝,1800
202412070208,20241207,1勝,中山,8R,3歳以上1勝クラス,ダート,1800
202412070209,20241207,1勝,中山,9R,黒松賞,芝,1200
202412070210,20241207,3勝,中山,10R,アクアラインステークス,ダート,1200
202412070211,20241207,3勝,中山,11R,常総ステークス,芝,1800
202412070212,20241207,2勝,中山,12R,3歳以上2勝クラス,ダート,1800
202412070301,20241207,未勝利,京都,1R,2歳未勝利,ダート,1400
202412070302,20241207,未勝利,京都,2R,2歳未勝利,ダート,1800
202412070303,20241207,未勝利,京都,3R,2歳未勝利,ダート,1200
202412070304,20241207,オープン,京都,4R,障害3歳以上オープン,障害,3170
202412070305,20241207,新馬,京都,5R,2歳新馬,芝,1200
202412070306,20241207,新馬,京都,6R,2歳新馬,ダート,1800
202412070307,20241207,未勝利,京都,7R,2歳未勝利,芝,2000
202412070308,20241207,1勝,京都,8R,3歳以上1勝クラス,ダート,1200
202412070309,20241207,1勝,京都,9R,エリカ賞,芝,2000
202412070310,20241207,2勝,京都,10R,花見小路特別,ダート,1900
202412070311,20241207,オープン,京都,11R,リゲルステークス（L）,芝,1600
202412070312,20241207,2勝,京都,12R,3歳以上2勝クラス,芝,2400
202412070501,20241207,未勝利,中京,1R,2歳未勝利,ダート,1800
202412070502,20241207,1勝,中京,2R,3歳以上1勝クラス,ダート,1400
202412070503,20241207,1勝,中京,3R,3歳以上1勝クラス,ダート,1800
202412070504,20241207,未勝利,中京,4R,2歳未勝利,芝,2000
202412070505,20241207,新馬,中京,5R,2歳新馬,ダート,1400
202412070506,20241207,1勝,中京,6R,3歳以上1勝クラス,ダート,1900
202412070507,20241207,1勝,中京,7R,3歳以上1勝クラス,芝,2200
202412070508,20241207,1勝,中京,8R,3歳以上1勝クラス,ダート,1200
202412070509,20241207,1勝,中京,9R,つわぶき賞,芝,1400
202412070510,20241207,2勝,中京,10R,鳴海特別,ダート,1800
202412070511,20241207,GⅢ,中京,11R,第60回 中日新聞杯,芝,2000
202412070512,20241207,1勝,中京,12R,3歳以上1勝クラス,芝,1200
202412080201,20241208,未勝利,中山,1R,2歳未勝利,ダート,1200
202412080202,20241208,未勝利,中山,2R,2歳未勝利,芝,1200
202412080203,20241208,未勝利,中山,3R,2歳未勝利,芝,1800
202412080204,20241208,未勝利,中山,4R,障害3歳以上未勝利,障害,2880
202412080205,20241208,新馬,中山,5R,2歳新馬,芝,1800
202412080206,20241208,新馬,中山,6R,2歳新馬,ダート,1800
202412080207,20241208,1勝,中山,7R,2歳1勝クラス,ダート,1800
202412080208,20241208,1勝,中山,8R,3歳以上1勝クラス,ダート,2500
202412080209,20241208,2勝,中山,9R,チバテレ杯,芝,2000
202412080210,20241208,オープン,中山,10R,師走ステークス（L),ダート,1800
202412080211,20241208,GⅢ,中山,11R,第17回 カペラステークス,ダート,1200
202412080212,20241208,2勝,中山,12R,3歳以上2勝クラス,芝,1600
202412080301,20241208,未勝利,京都,1R,2歳未勝利,ダート,1400
202412080302,20241208,未勝利,京都,2R,2歳未勝利,ダート,1800
202412080303,20241208,未勝利,京都,3R,2歳未勝利,芝,1600
202412080304,20241208,新馬,京都,4R,2歳新馬,ダート,1400
202412080305,20241208,新馬,京都,5R,2歳新馬,芝,1800
202412080306,20241208,1勝,京都,6R,2歳1勝クラス,ダート,1200
202412080307,20241208,1勝,京都,7R,3歳以上1勝クラス,ダート,1800
202412080308,20241208,2勝,京都,8R,3歳以上2勝クラス,ダート,1200
202412080309,20241208,3勝,京都,9R,オリオンステークス,芝,2200
202412080310,20241208,3勝,京都,10R,JRAウルトラプレミアム ブエナビスタカップ,ダート,1900
202412080311,20241208,GⅠ,京都,11R,第76回 阪神ジュベナイルフィリーズ,芝,1600
202412080312,20241208,2勝,京都,12R,鹿ケ谷特別,芝,1200
202412080501,20241208,未勝利,中京,1R,2歳未勝利,ダート,1200
202412080502,20241208,未勝利,中京,2R,2歳未勝利,ダート,1800
202412080503,20241208,1勝,中京,3R,3歳以上1勝クラス,ダート,1200
202412080504,20241208,未勝利,中京,4R,2歳未勝利,芝,1400
202412080505,20241208,新馬,中京,5R,2歳新馬,芝,2000
202412080506,20241208,1勝,中京,6R,3歳以上1勝クラス,ダート,1800
202412080507,20241208,1勝,中京,7R,3歳以上1勝クラス,芝,2000
202412080508,20241208,1勝,中京,8R,3歳以上1勝クラス,ダート,1400
202412080509,20241208,1勝,中京,9R,大須特別,ダート,1800
202412080510,20241208,2勝,中京,10R,名古屋日刊スポーツ杯,芝,2000
202412080511,20241208,3勝,中京,11R,知立ステークス,芝,1200
202412080512,20241208,1勝,中京,12R,3歳以上1勝クラス,芝,1600
202412140201,20241214,未勝利,中山,1R,2歳未勝利,ダート,1200
202412140202,20241214,未勝利,中山,2R,2歳未勝利,ダート,1800
202412140203,20241214,未勝利,中山,3R,2歳未勝利,ダート,1200
202412140204,20241214,未勝利,中山,4R,2歳未勝利,ダート,1800
202412140205,20241214,新馬,中山,5R,2歳新馬,芝,2000
202412140206,20241214,新馬,中山,6R,2歳新馬,ダート,1800
202412140207,20241214,未勝利,中山,7R,2歳未勝利,芝,1800
202412140208,20241214,1勝,中山,8R,3歳以上1勝クラス,ダート,1800
202412140209,20241214,1勝,中山,9R,ひいらぎ賞,芝,1600
202412140210,20241214,2勝,中山,10R,霞ヶ浦特別,芝,1800
202412140211,20241214,GⅢ,中山,11R,第10回 ターコイズステークス,芝,1600
202412140212,20241214,2勝,中山,12R,3歳以上2勝クラス,ダート,1200
202412140301,20241214,未勝利,京都,1R,2歳未勝利,ダート,1200
202412140302,20241214,未勝利,京都,2R,2歳未勝利,ダート,1800
202412140303,20241214,未勝利,京都,3R,2歳未勝利,芝,1200
202412140304,20241214,オープン,京都,4R,障害3歳以上オープン,障害,3170
202412140305,20241214,新馬,京都,5R,2歳新馬,芝,2000
202412140306,20241214,新馬,京都,6R,2歳新馬,ダート,1200
202412140307,20241214,未勝利,京都,7R,2歳未勝利,芝,1800
202412140308,20241214,1勝,京都,8R,3歳以上1勝クラス,ダート,1800
202412140309,20241214,2勝,京都,9R,深草特別,ダート,1200
202412140310,20241214,2勝,京都,10R,出町特別,ダート,1800
202412140311,20241214,オープン,京都,11R,タンザナイトステークス,芝,1200
202412140312,20241214,2勝,京都,12R,3歳以上2勝クラス,芝,1600
202412140501,20241214,未勝利,中京,1R,2歳未勝利,ダート,1400
202412140502,20241214,1勝,中京,2R,3歳以上1勝クラス,ダート,1800
202412140503,20241214,1勝,中京,3R,3歳以上1勝クラス,ダート,1200
202412140504,20241214,未勝利,中京,4R,2歳未勝利,芝,1400
202412140505,20241214,未勝利,中京,5R,2歳未勝利,芝,2000
202412140506,20241214,1勝,中京,6R,3歳以上1勝クラス,ダート,1400
202412140507,20241214,1勝,中京,7R,3歳以上1勝クラス,ダート,1800
202412140508,20241214,1勝,中京,8R,2024ヤングジョッキーズシリーズ ファイナルラウンド中京第1戦（地方騎手招待）,芝,2000
202412140509,20241214,オープン,中京,9R,スポーツ報知杯 中京2歳ステークス,芝,1200
202412140510,20241214,2勝,中京,10R,2024ヤングジョッキーズシリーズ ファイナルラウンド中京第2戦（地方騎手招待）,ダート,1400
202412140511,20241214,3勝,中京,11R,尾頭橋ステークス,ダート,1800
202412140512,20241214,1勝,中京,12R,3歳以上1勝クラス,芝,1400
202412150201,20241215,未勝利,中山,1R,2歳未勝利,ダート,1200
202412150202,20241215,未勝利,中山,2R,2歳未勝利,ダート,1800
202412150203,20241215,未勝利,中山,3R,2歳未勝利,芝,1600
202412150204,20241215,未勝利,中山,4R,障害3歳以上未勝利,障害,2880
202412150205,20241215,新馬,中山,5R,2歳新馬,芝,1600
202412150206,20241215,新馬,中山,6R,2歳新馬,ダート,1200
202412150207,20241215,未勝利,中山,7R,2歳未勝利,芝,2000
202412150208,20241215,1勝,中山,8R,3歳以上1勝クラス,ダート,1200
202412150209,20241215,2勝,中山,9R,香取特別,ダート,2400
202412150210,20241215,3勝,中山,10R,北総ステークス,ダート,1800
202412150211,20241215,オープン,中山,11R,ディセンバーステークス（L),芝,1800
202412150212,20241215,1勝,中山,12R,3歳以上1勝クラス,芝,1600
202412150301,20241215,未勝利,京都,1R,2歳未勝利,ダート,1800
202412150302,20241215,未勝利,京都,2R,2歳未勝利,ダート,1400
202412150303,20241215,未勝利,京都,3R,2歳未勝利,ダート,1800
202412150304,20241215,未勝利,京都,4R,2歳未勝利,芝,1800
202412150305,20241215,新馬,京都,5R,2歳新馬,芝,1600
202412150306,20241215,新馬,京都,6R,2歳新馬,ダート,1800
202412150307,20241215,1勝,京都,7R,3歳以上1勝クラス,ダート,1400
202412150308,20241215,1勝,京都,8R,3歳以上1勝クラス,芝,2200
202412150309,20241215,2勝,京都,9R,小倉山特別,ダート,1800
202412150310,20241215,3勝,京都,10R,JRAウルトラプレミアム サリオスカップ,ダート,1400
202412150311,20241215,GⅠ,京都,11R,第76回 朝日杯フューチュリティステークス,芝,1600
202412150312,20241215,3勝,京都,12R,東山ステークス,芝,1400
202412150501,20241215,未勝利,中京,1R,2歳未勝利,ダート,1800
202412150502,20241215,1勝,中京,2R,3歳以上1勝クラス,ダート,1200
202412150503,20241215,1勝,中京,3R,3歳以上1勝クラス,ダート,1800
202412150504,20241215,未勝利,中京,4R,2歳未勝利,芝,1600
202412150505,20241215,新馬,中京,5R,2歳新馬,芝,1400
202412150506,20241215,1勝,中京,6R,3歳以上1勝クラス,ダート,1900
202412150507,20241215,1勝,中京,7R,3歳以上1勝クラス,ダート,1400
202412150508,20241215,1勝,中京,8R,3歳以上1勝クラス,芝,1600
202412150509,20241215,1勝,中京,9R,寒椿賞,ダート,1400
202412150510,20241215,2勝,中京,10R,一宮特別,芝,2200
202412150511,20241215,オープン,中京,11R,コールドムーンステークス,ダート,1400
202412150512,20241215,2勝,中京,12R,尾張特別,芝,1200
202412210201,20241221,未勝利,中山,1R,2歳未勝利,ダート,1200
202412210202,20241221,未勝利,中山,2R,2歳未勝利,ダート,1800
202412210203,20241221,未勝利,中山,3R,2歳未勝利,芝,1600
202412210204,20241221,未勝利,中山,4R,2歳未勝利,ダート,1800
202412210205,20241221,新馬,中山,5R,2歳新馬,芝,1800
202412210206,20241221,新馬,中山,6R,2歳新馬,ダート,1800
202412210207,20241221,1勝,中山,7R,2歳1勝クラス,ダート,1200
202412210208,20241221,1勝,中山,8R,3歳以上1勝クラス,ダート,1200
202412210209,20241221,1勝,中山,9R,ノエル賞,芝,2200
202412210210,20241221,Jpn GⅠ,中山,10R,第147回 中山大障害,障害,4100
202412210211,20241221,3勝,中山,11R,グレイトフルステークス,芝,2500
202412210212,20241221,2勝,中山,12R,クリスマスカップ,芝,1200
202412210301,20241221,未勝利,京都,1R,2歳未勝利,ダート,1800
202412210302,20241221,未勝利,京都,2R,2歳未勝利,ダート,1200
202412210303,20241221,未勝利,京都,3R,2歳未勝利,ダート,1800
202412210304,20241221,未勝利,京都,4R,2歳未勝利,芝,2000
202412210305,20241221,新馬,京都,5R,2歳新馬,芝,1600
202412210306,20241221,新馬,京都,6R,2歳新馬,ダート,1400
202412210307,20241221,1勝,京都,7R,3歳以上1勝クラス,ダート,1800
202412210308,20241221,1勝,京都,8R,3歳以上1勝クラス,ダート,1400
202412210309,20241221,1勝,京都,9R,万両賞,芝,1400
202412210310,20241221,3勝,京都,10R,御陵ステークス,ダート,1800
202412210311,20241221,GⅡ,京都,11R,第19回 阪神カップ,芝,1400
202412210312,20241221,2勝,京都,12R,3歳以上2勝クラス,芝,1800
202412220201,20241222,未勝利,中山,1R,2歳未勝利,ダート,1200
202412220202,20241222,未勝利,中山,2R,2歳未勝利,ダート,1800
202412220203,20241222,未勝利,中山,3R,2歳未勝利,芝,1200
202412220204,20241222,未勝利,中山,4R,2歳未勝利,芝,2000
202412220205,20241222,新馬,中山,5R,2歳新馬,ダート,1200
202412220206,20241222,新馬,中山,6R,2歳新馬,芝,1600
202412220207,20241222,1勝,中山,7R,3歳以上1勝クラス,ダート,1800
202412220208,20241222,2勝,中山,8R,冬至特別,ダート,1200
202412220209,20241222,2勝,中山,9R,グッドラックハンデキャップ,芝,2500
202412220210,20241222,2勝,中山,10R,JRAウルトラプレミアム オルフェーヴルカップ,芝,1600
202412220211,20241222,GⅠ,中山,11R,有馬記念（第69回グランプリ）,芝,2500
202412220212,20241222,3勝,中山,12R,2024フェアウェルステークス,ダート,1200
202412220301,20241222,未勝利,京都,1R,2歳未勝利,ダート,1400
202412220302,20241222,未勝利,京都,2R,2歳未勝利,芝,1600
202412220303,20241222,未勝利,京都,3R,2歳未勝利,芝,1400
202412220304,20241222,新馬,京都,4R,2歳新馬,ダート,1800
202412220305,20241222,未勝利,京都,5R,障害3歳以上未勝利,障害,2910
202412220306,20241222,新馬,京都,6R,2歳新馬,芝,1800
202412220307,20241222,1勝,京都,7R,3歳以上1勝クラス,ダート,1200
202412220308,20241222,2勝,京都,8R,3歳以上2勝クラス,ダート,1400
202412220309,20241222,2勝,京都,9R,クリスマスエルフ賞,ダート,1800
202412220310,20241222,3勝,京都,10R,サンタクロースステークス,芝,2000
202412220311,20241222,オープン,京都,11R,りんくうステークス,ダート,1200
202412220312,20241222,2勝,京都,12R,ジングルベル賞,芝,1400
202412280201,20241228,未勝利,中山,1R,2歳未勝利,ダート,1200
202412280202,20241228,未勝利,中山,2R,2歳未勝利,ダート,1800
202412280203,20241228,未勝利,中山,3R,2歳未勝利,芝,1600
202412280204,20241228,未勝利,中山,4R,2歳未勝利,芝,1800
202412280205,20241228,新馬,中山,5R,2歳新馬,芝,2000
202412280206,20241228,新馬,中山,6R,2歳新馬,ダート,1200
202412280207,20241228,1勝,中山,7R,3歳以上1勝クラス,芝,1800
202412280208,20241228,1勝,中山,8R,3歳以上1勝クラス,ダート,1200
202412280209,20241228,2勝,中山,9R,ベストウィッシュカップ,ダート,1200
202412280210,20241228,2勝,中山,10R,JRAウルトラプレミアム コントレイルカップ,ダート,1800
202412280211,20241228,GⅠ,中山,11R,第41回 ホープフルステークス,芝,2000
202412280212,20241228,3勝,中山,12R,2024ファイナルステークス,芝,1600
202412280301,20241228,未勝利,京都,1R,2歳未勝利,ダート,1400
202412280302,20241228,未勝利,京都,2R,2歳未勝利,ダート,1800
202412280303,20241228,未勝利,京都,3R,2歳未勝利,芝,2000
202412280304,20241228,未勝利,京都,4R,障害3歳以上未勝利,障害,2910
202412280305,20241228,新馬,京都,5R,2歳新馬,芝,2000
202412280306,20241228,1勝,京都,6R,2歳1勝クラス,ダート,1800
202412280307,20241228,1勝,京都,7R,3歳以上1勝クラス,芝,1800
202412280308,20241228,1勝,京都,8R,3歳以上1勝クラス,ダート,1800
202412280309,20241228,2勝,京都,9R,春待月賞,ダート,1400
202412280310,20241228,2勝,京都,10R,フォーチュンカップ,芝,2000
202412280311,20241228,オープン,京都,11R,ベテルギウスステークス（L）,ダート,1800
202412280312,20241228,3勝,京都,12R,カウントダウンステークス,芝,1200

